Indicativo;parámetro;enero;febrero;marzo;abril;mayo;junio;julio;agosto;septiembre;octubre;noviembre;diciembre;anual
1387;N;22;29;25;27;26;24;25;23;29;25;23;26;6
1387;Min;0.0;0.0;0.0;0.0;0.0;0.0;0.0;0.0;0.0;0.0;0.0;0.0;
1387;Q1;0.0;0.0;0.0;0.0;0.0;0.0;0.0;0.0;0.0;0.0;0.0;0.0;
1387;Q2;0.0;0.0;0.0;0.0;0.0;0.0;0.0;0.0;0.0;0.0;0.0;0.0;
1387;Q3;0.0;0.0;0.0;0.0;0.0;0.0;0.0;0.0;0.0;0.0;0.0;0.0;
1387;Q4;1.4;1.0;1.0;0.4;0.0;0.0;0.0;0.0;0.0;0.0;1.0;1.0;
1387;Max;3.0;3.0;3.0;3.0;1.0;1.0;0.0;0.0;1.0;2.0;3.0;4.0;
1387;Mn;0.0;0.0;0.0;0.0;0.0;0.0;0.0;0.0;0.0;0.0;0.0;0.0;
1387;Md;0.7;0.5;0.5;0.3;0.0;0.0;0.0;0.0;0.0;0.2;0.3;0.5;
1387;S;1.09;0.87;0.82;0.66;0.20;0.20;0.00;0.00;0.19;0.50;0.78;1.03;
1387;Cv;1.59;1.68;1.71;2.53;5.10;4.90;-;-;5.39;2.50;2.23;1.91;
1387E;N;26;26;24;24;26;24;24;20;22;25;22;22;12
1387E;Min;0.0;0.0;0.0;0.0;0.0;0.0;0.0;0.0;0.0;0.0;0.0;0.0;
1387E;Q1;0.0;0.0;0.0;0.0;0.0;0.0;0.0;0.0;0.0;0.0;0.0;0.0;
1387E;Q2;0.0;0.0;0.0;0.0;0.0;0.0;0.0;0.0;0.0;0.0;0.0;0.0;
1387E;Q3;0.0;0.0;0.0;0.0;0.0;0.0;0.0;0.0;0.0;0.0;0.0;0.0;
1387E;Q4;1.0;1.0;0.0;0.0;0.0;0.0;0.0;0.0;0.0;0.0;0.0;1.0;
1387E;Max;3.0;2.0;2.0;1.0;0.0;1.0;0.0;0.0;0.0;1.0;2.0;1.0;
1387E;Mn;0.0;0.0;0.0;0.0;0.0;0.0;0.0;0.0;0.0;0.0;0.0;0.0;
1387E;Md;0.4;0.3;0.2;0.1;0.0;0.0;0.0;0.0;0.0;0.1;0.2;0.3;
1387E;S;0.81;0.55;0.59;0.28;0.00;0.20;0.00;0.00;0.00;0.33;0.50;0.46;
1387E;Cv;1.91;1.78;2.82;3.39;-;4.90;-;-;-;2.76;2.76;1.67;
1428;N;19;27;22;21;19;18;23;20;22;18;23;15;2
1428;Min;0.0;0.0;0.0;0.0;0.0;0.0;0.0;0.0;0.0;0.0;0.0;0.0;
1428;Q1;0.0;0.0;0.0;0.0;0.0;0.0;0.0;0.0;0.0;0.0;0.0;0.0;
1428;Q2;0.0;0.0;0.0;0.0;0.0;0.0;0.0;0.0;0.0;0.0;0.0;0.0;
1428;Q3;0.0;0.0;0.0;0.0;0.0;0.0;0.0;0.0;0.0;0.0;0.0;0.0;
1428;Q4;1.0;0.0;0.4;0.0;0.0;0.0;0.0;0.0;0.0;1.0;0.0;0.8;
1428;Max;2.0;2.0;2.0;2.0;1.0;0.0;0.0;0.0;1.0;2.0;1.0;5.0;
1428;Mn;0.0;0.0;0.0;0.0;0.0;0.0;0.0;0.0;0.0;0.0;0.0;0.0;
1428;Md;0.5;0.1;0.2;0.1;0.1;0.0;0.0;0.0;0.1;0.3;0.1;0.7;
1428;S;0.70;0.46;0.53;0.44;0.23;0.00;0.00;0.00;0.29;0.59;0.29;1.59;
1428;Cv;1.47;3.08;2.33;4.58;4.36;-;-;-;3.24;1.78;3.31;2.38;
8175;N;8;9;6;6;8;7;6;8;7;6;10;10;2
8175;Min;;;;;;;;;;;;;
8175;Q1;;;;;;;;;;;;;
8175;Q2;;;;;;;;;;;;;
8175;Q3;;;;;;;;;;;;;
8175;Q4;;;;;;;;;;;;;
8175;Max;;;;;;;;;;;;;
8175;Mn;;;;;;;;;;;;;
8175;Md;;;;;;;;;;;;;
8175;S;;;;;;;;;;;;;
8175;Cv;;;;;;;;;;;;;
8178D;N;12;8;11;11;11;10;10;11;8;8;7;13;1
8178D;Min;;;;;;;;;;;;;
8178D;Q1;;;;;;;;;;;;;
8178D;Q2;;;;;;;;;;;;;
8178D;Q3;;;;;;;;;;;;;
8178D;Q4;;;;;;;;;;;;;
8178D;Max;;;;;;;;;;;;;
8178D;Mn;;;;;;;;;;;;;
8178D;Md;;;;;;;;;;;;;
8178D;S;;;;;;;;;;;;;
8178D;Cv;;;;;;;;;;;;;
8025;N;30;30;30;30;28;29;29;30;29;28;29;29;25
8025;Min;0.0;0.0;0.0;0.0;0.0;0.0;0.0;0.0;0.0;0.0;0.0;0.0;0.0
8025;Q1;0.0;0.0;0.0;0.0;0.0;0.0;0.0;0.0;0.0;0.0;0.0;0.0;0.0
8025;Q2;0.0;0.0;0.0;0.0;0.0;0.0;0.0;0.0;0.0;0.0;0.0;0.0;0.0
8025;Q3;0.0;0.0;0.0;0.0;0.0;0.0;0.0;0.0;0.0;0.0;0.0;0.0;0.0
8025;Q4;0.0;0.0;0.0;0.0;0.0;0.0;0.0;0.0;0.0;0.0;0.0;0.0;0.0
8025;Max;1.0;0.0;1.0;0.0;0.0;0.0;0.0;0.0;0.0;0.0;1.0;0.0;2.0
8025;Mn;0.0;0.0;0.0;0.0;0.0;0.0;0.0;0.0;0.0;0.0;0.0;0.0;0.0
8025;Md;0.1;0.0;0.1;0.0;0.0;0.0;0.0;0.0;0.0;0.0;0.0;0.0;0.1
8025;S;0.25;0.00;0.25;0.00;0.00;0.00;0.00;0.00;0.00;0.00;0.19;0.00;0.44
8025;Cv;3.81;-;3.81;-;-;-;-;-;-;-;5.39;-;3.66
8019;N;25;26;26;25;23;26;25;24;24;25;27;27;14
8019;Min;0.0;0.0;0.0;0.0;0.0;0.0;0.0;0.0;0.0;0.0;0.0;0.0;
8019;Q1;0.0;0.0;0.0;0.0;0.0;0.0;0.0;0.0;0.0;0.0;0.0;0.0;
8019;Q2;0.0;0.0;0.0;0.0;0.0;0.0;0.0;0.0;0.0;0.0;0.0;0.0;
8019;Q3;0.0;0.0;0.0;0.0;0.0;0.0;0.0;0.0;0.0;0.0;0.0;0.0;
8019;Q4;0.0;0.0;0.6;0.0;0.0;0.0;0.0;0.0;0.0;0.0;0.0;0.0;
8019;Max;2.0;2.0;3.0;1.0;0.0;0.0;0.0;0.0;0.0;0.0;1.0;2.0;
8019;Mn;0.0;0.0;0.0;0.0;0.0;0.0;0.0;0.0;0.0;0.0;0.0;0.0;
8019;Md;0.2;0.2;0.3;0.1;0.0;0.0;0.0;0.0;0.0;0.0;0.1;0.1;
8019;S;0.60;0.49;0.74;0.28;0.00;0.00;0.00;0.00;0.00;0.00;0.27;0.46;
8019;Cv;2.49;2.56;2.39;3.46;-;-;-;-;-;-;3.60;3.08;
6325O;N;22;24;26;21;21;23;23;27;20;25;21;23;7
6325O;Min;0.0;0.0;0.0;0.0;0.0;0.0;0.0;0.0;0.0;0.0;0.0;0.0;
6325O;Q1;0.0;0.0;0.0;0.0;0.0;0.0;0.0;0.0;0.0;0.0;0.0;0.0;
6325O;Q2;0.0;0.0;0.0;0.0;0.0;0.0;0.0;0.0;0.0;0.0;0.0;0.0;
6325O;Q3;0.0;0.0;0.0;0.0;0.0;0.0;0.0;0.0;0.0;0.0;0.0;0.0;
6325O;Q4;1.0;1.0;1.0;0.0;0.0;0.0;0.0;0.0;0.0;0.0;0.0;0.2;
6325O;Max;2.0;2.0;3.0;1.0;1.0;1.0;0.0;1.0;1.0;1.0;1.0;1.0;
6325O;Mn;0.0;0.0;0.0;0.0;0.0;0.0;0.0;0.0;0.0;0.0;0.0;0.0;
6325O;Md;0.3;0.4;0.5;0.0;0.1;0.0;0.0;0.0;0.1;0.1;0.1;0.2;
6325O;S;0.65;0.65;0.81;0.22;0.30;0.21;0.00;0.19;0.22;0.28;0.30;0.39;
6325O;Cv;2.03;1.73;1.62;4.58;3.16;4.80;-;5.20;4.47;3.46;3.16;2.23;
9091O;N;25;27;28;27;26;27;24;23;24;24;24;24;4
9091O;Min;0.0;0.0;0.0;0.0;0.0;0.0;0.0;0.0;0.0;0.0;0.0;0.0;
9091O;Q1;0.0;0.0;0.0;0.0;0.0;0.0;0.0;0.0;0.0;0.0;0.0;0.0;
9091O;Q2;0.0;0.0;0.0;0.0;0.0;0.0;0.0;0.0;0.0;0.0;0.0;0.0;
9091O;Q3;0.0;0.0;0.0;0.0;0.0;0.0;0.0;0.0;0.0;0.0;0.0;0.0;
9091O;Q4;0.0;0.0;0.0;0.0;0.0;0.0;0.0;0.0;0.0;0.0;0.0;0.0;
9091O;Max;2.0;1.0;1.0;2.0;0.0;0.0;1.0;0.0;0.0;2.0;1.0;1.0;
9091O;Mn;0.0;0.0;0.0;0.0;0.0;0.0;0.0;0.0;0.0;0.0;0.0;0.0;
9091O;Md;0.1;0.1;0.0;0.1;0.0;0.0;0.0;0.0;0.0;0.1;0.1;0.1;
9091O;S;0.44;0.27;0.19;0.42;0.00;0.00;0.20;0.00;0.00;0.45;0.34;0.34;
9091O;Cv;3.66;3.60;5.29;3.81;-;-;4.90;-;-;3.59;2.70;2.70;
1212E;N;24;24;28;26;24;29;26;25;26;26;27;23;12
1212E;Min;0.0;0.0;0.0;0.0;0.0;0.0;0.0;0.0;0.0;0.0;0.0;0.0;
1212E;Q1;0.0;0.0;0.0;0.0;0.0;0.0;0.0;0.0;0.0;0.0;0.0;0.0;
1212E;Q2;0.0;0.0;0.0;0.0;0.0;0.0;0.0;0.0;0.0;0.0;0.0;0.0;
1212E;Q3;1.0;1.0;0.0;0.0;0.0;0.0;0.0;0.0;0.0;0.0;0.0;0.0;
1212E;Q4;1.0;2.0;1.0;0.0;0.0;0.0;0.0;0.0;0.0;0.0;0.0;1.0;
1212E;Max;5.0;3.0;2.0;1.0;1.0;1.0;0.0;0.0;2.0;2.0;3.0;2.0;
1212E;Mn;0.0;0.0;0.0;0.0;0.0;0.0;0.0;0.0;0.0;0.0;0.0;0.0;
1212E;Md;0.8;0.7;0.5;0.2;0.0;0.0;0.0;0.0;0.2;0.2;0.3;0.4;
1212E;S;1.29;1.00;0.69;0.37;0.20;0.19;0.00;0.00;0.46;0.46;0.71;0.58;
1212E;Cv;1.73;1.41;1.49;2.39;4.90;5.39;-;-;3.02;3.02;2.75;1.49;
1208H;N;0;0;0;0;0;0;0;0;0;0;0;0;0
1208H;Min;;;;;;;;;;;;;
1208H;Q1;;;;;;;;;;;;;
1208H;Q2;;;;;;;;;;;;;
1208H;Q3;;;;;;;;;;;;;
1208H;Q4;;;;;;;;;;;;;
1208H;Max;;;;;;;;;;;;;
1208H;Mn;;;;;;;;;;;;;
1208H;Md;;;;;;;;;;;;;
1208H;S;;;;;;;;;;;;;
1208H;Cv;;;;;;;;;;;;;
1249I;N;29;30;30;29;29;26;30;30;29;30;30;29;22
1249I;Min;0.0;0.0;0.0;0.0;0.0;0.0;0.0;0.0;0.0;0.0;0.0;0.0;0.0
1249I;Q1;0.0;0.0;0.0;0.0;0.0;0.0;0.0;0.0;0.0;0.0;0.0;0.0;1.0
1249I;Q2;0.0;0.0;0.0;0.0;0.0;0.0;0.0;0.0;0.0;0.0;0.0;0.0;2.0
1249I;Q3;1.0;1.0;0.0;0.0;0.0;0.0;0.0;0.0;0.0;0.0;0.0;1.0;5.0
1249I;Q4;2.0;2.0;2.0;0.0;0.0;0.0;0.0;0.0;0.0;1.0;2.0;3.0;18.2
1249I;Max;7.0;3.0;6.0;4.0;2.0;1.0;1.0;1.0;1.0;4.0;4.0;13.0;24.0
1249I;Mn;0.0;0.5;0.0;0.0;0.0;0.0;0.0;0.0;0.0;0.0;0.0;0.0;3.0
1249I;Md;1.1;0.9;0.8;0.3;0.1;0.1;0.0;0.0;0.1;0.5;0.7;1.4;7.3
1249I;S;1.81;1.11;1.42;0.93;0.44;0.33;0.18;0.18;0.31;1.07;1.20;2.69;8.07
1249I;Cv;1.69;1.19;1.78;3.00;3.20;2.82;5.48;5.48;3.00;2.01;1.64;1.86;1.10
2444;N;16;18;19;17;16;14;15;15;15;18;16;18;2
2444;Min;0.0;0.0;0.0;0.0;0.0;;0.0;0.0;0.0;0.0;0.0;0.0;
2444;Q1;0.0;0.0;0.0;0.0;0.0;;0.0;0.0;0.0;0.0;0.0;0.0;
2444;Q2;0.0;0.0;0.0;0.0;0.0;;0.0;0.0;0.0;0.0;0.0;0.0;
2444;Q3;0.0;0.0;0.0;0.0;0.0;;0.0;0.0;0.0;0.0;0.0;0.0;
2444;Q4;0.0;0.0;0.0;0.0;0.0;;0.0;0.0;0.0;0.0;0.0;0.0;
2444;Max;0.0;1.0;0.0;0.0;0.0;;0.0;0.0;0.0;0.0;0.0;0.0;
2444;Mn;0.0;0.0;0.0;0.0;0.0;;0.0;0.0;0.0;0.0;0.0;0.0;
2444;Md;0.0;0.1;0.0;0.0;0.0;;0.0;0.0;0.0;0.0;0.0;0.0;
2444;S;0.00;0.24;0.00;0.00;0.00;;0.00;0.00;0.00;0.00;0.00;0.00;
2444;Cv;-;4.24;-;-;-;;-;-;-;-;-;-;
4452;N;29;29;30;29;27;29;28;28;28;29;28;29;18
4452;Min;0.0;0.0;0.0;0.0;0.0;0.0;0.0;0.0;0.0;0.0;0.0;0.0;0.0
4452;Q1;0.0;0.0;0.0;0.0;0.0;0.0;0.0;0.0;0.0;0.0;0.0;0.0;0.0
4452;Q2;0.0;0.0;0.0;0.0;0.0;0.0;0.0;0.0;0.0;0.0;0.0;0.0;0.0
4452;Q3;0.0;0.0;0.0;0.0;0.0;0.0;0.0;0.0;0.0;0.0;0.0;0.0;0.0
4452;Q4;0.0;0.0;0.0;0.0;0.0;0.0;0.0;0.0;0.0;0.0;0.0;0.0;0.0
4452;Max;0.0;0.0;0.0;1.0;0.0;0.0;0.0;0.0;0.0;0.0;0.0;1.0;1.0
4452;Mn;0.0;0.0;0.0;0.0;0.0;0.0;0.0;0.0;0.0;0.0;0.0;0.0;0.0
4452;Md;0.0;0.0;0.0;0.0;0.0;0.0;0.0;0.0;0.0;0.0;0.0;0.1;0.1
4452;S;0.00;0.00;0.00;0.19;0.00;0.00;0.00;0.00;0.00;0.00;0.00;0.26;0.24
4452;Cv;-;-;-;5.39;-;-;-;-;-;-;-;3.74;4.24
B954;N;24;23;20;24;29;23;21;21;21;20;18;21;7
B954;Min;0.0;0.0;0.0;0.0;0.0;0.0;0.0;0.0;0.0;0.0;0.0;0.0;
B954;Q1;0.0;0.0;0.0;0.0;0.0;0.0;0.0;0.0;0.0;0.0;0.0;0.0;
B954;Q2;0.0;0.0;0.0;0.0;0.0;0.0;0.0;0.0;0.0;0.0;0.0;0.0;
B954;Q3;0.0;0.0;0.0;0.0;0.0;0.0;0.0;0.0;0.0;0.0;0.0;0.0;
B954;Q4;0.0;0.0;0.0;0.0;0.0;0.0;0.0;0.0;0.0;0.0;0.0;0.0;
B954;Max;3.0;1.0;0.0;1.0;0.0;0.0;0.0;0.0;1.0;1.0;1.0;9.0;
B954;Mn;0.0;0.0;0.0;0.0;0.0;0.0;0.0;0.0;0.0;0.0;0.0;0.0;
B954;Md;0.3;0.1;0.0;0.0;0.0;0.0;0.0;0.0;0.0;0.2;0.1;0.4;
B954;S;0.74;0.29;0.00;0.20;0.00;0.00;0.00;0.00;0.22;0.37;0.32;1.96;
B954;Cv;2.95;3.31;-;4.90;-;-;-;-;4.58;2.44;2.91;4.58;
B893;N;23;24;26;19;23;24;25;20;21;24;22;21;4
B893;Min;0.0;0.0;0.0;0.0;0.0;0.0;0.0;0.0;0.0;0.0;0.0;0.0;
B893;Q1;0.0;0.0;0.0;0.0;0.0;0.0;0.0;0.0;0.0;0.0;0.0;0.0;
B893;Q2;0.0;0.0;0.0;0.0;0.0;0.0;0.0;0.0;0.0;0.0;0.0;0.0;
B893;Q3;0.0;0.0;0.0;0.0;0.0;0.0;0.0;0.0;0.0;0.0;0.0;0.0;
B893;Q4;1.0;1.0;1.0;1.0;0.0;0.0;0.0;0.0;0.0;0.0;0.4;0.0;
B893;Max;3.0;3.0;3.0;4.0;0.0;0.0;0.0;0.0;1.0;1.0;2.0;7.0;
B893;Mn;0.0;0.0;0.0;0.0;0.0;0.0;0.0;0.0;0.0;0.0;0.0;0.0;
B893;Md;0.4;0.5;0.5;0.5;0.0;0.0;0.0;0.0;0.0;0.0;0.3;0.5;
B893;S;0.79;0.88;0.86;1.02;0.00;0.00;0.00;0.00;0.22;0.20;0.63;1.57;
B893;Cv;1.81;1.77;1.72;1.94;-;-;-;-;4.58;4.90;2.31;3.29;
B228;N;26;26;29;26;27;30;29;26;26;27;27;27;16
B228;Min;0.0;0.0;0.0;0.0;0.0;0.0;0.0;0.0;0.0;0.0;0.0;0.0;0.0
B228;Q1;0.0;0.0;0.0;0.0;0.0;0.0;0.0;0.0;0.0;0.0;0.0;0.0;0.0
B228;Q2;0.0;0.0;0.0;0.0;0.0;0.0;0.0;0.0;0.0;0.0;0.0;0.0;0.0
B228;Q3;0.0;0.0;0.0;0.0;0.0;0.0;0.0;0.0;0.0;0.0;0.0;0.0;0.0
B228;Q4;0.0;0.0;0.0;0.0;0.0;0.0;0.0;0.0;0.0;0.0;0.0;0.0;1.0
B228;Max;1.0;3.0;1.0;3.0;0.0;0.0;0.0;0.0;1.0;1.0;0.0;1.0;4.0
B228;Mn;0.0;0.0;0.0;0.0;0.0;0.0;0.0;0.0;0.0;0.0;0.0;0.0;0.0
B228;Md;0.1;0.2;0.0;0.2;0.0;0.0;0.0;0.0;0.0;0.1;0.0;0.1;0.6
B228;S;0.27;0.63;0.19;0.69;0.00;0.00;0.00;0.00;0.20;0.32;0.00;0.27;1.09
B228;Cv;3.53;3.30;5.39;3.61;-;-;-;-;5.10;2.88;-;3.60;1.94
B278;N;27;26;26;25;28;24;26;26;26;23;25;27;13
B278;Min;0.0;0.0;0.0;0.0;0.0;0.0;0.0;0.0;0.0;0.0;0.0;0.0;
B278;Q1;0.0;0.0;0.0;0.0;0.0;0.0;0.0;0.0;0.0;0.0;0.0;0.0;
B278;Q2;0.0;0.0;0.0;0.0;0.0;0.0;0.0;0.0;0.0;0.0;0.0;0.0;
B278;Q3;0.0;0.0;0.0;0.0;0.0;0.0;0.0;0.0;0.0;0.0;0.0;0.0;
B278;Q4;0.4;0.0;0.0;0.0;0.0;0.0;0.0;0.0;0.0;0.0;0.0;0.0;
B278;Max;1.0;2.0;1.0;1.0;0.0;0.0;0.0;1.0;1.0;0.0;1.0;2.0;
B278;Mn;0.0;0.0;0.0;0.0;0.0;0.0;0.0;0.0;0.0;0.0;0.0;0.0;
B278;Md;0.2;0.2;0.1;0.0;0.0;0.0;0.0;0.0;0.0;0.0;0.1;0.2;
B278;S;0.40;0.46;0.27;0.20;0.00;0.00;0.00;0.20;0.20;0.00;0.28;0.48;
B278;Cv;2.14;3.02;3.53;5.00;-;-;-;5.10;5.10;-;3.46;2.61;
0200E;N;21;25;27;27;28;25;27;26;19;24;24;26;10
0200E;Min;0.0;0.0;0.0;0.0;0.0;0.0;0.0;0.0;0.0;0.0;0.0;0.0;
0200E;Q1;0.0;0.0;0.0;0.0;0.0;0.0;0.0;0.0;0.0;0.0;0.0;0.0;
0200E;Q2;0.0;0.0;0.0;0.0;0.0;0.0;0.0;0.0;0.0;0.0;0.0;0.0;
0200E;Q3;0.0;0.0;0.0;0.0;0.0;0.0;0.0;0.0;0.0;0.0;0.0;0.0;
0200E;Q4;0.6;0.8;1.0;0.0;1.0;0.0;0.0;0.0;0.0;1.0;1.0;0.0;
0200E;Max;4.0;4.0;4.0;4.0;5.0;3.0;2.0;1.0;2.0;6.0;8.0;5.0;
0200E;Mn;0.0;0.0;0.0;0.0;0.0;0.0;0.0;0.0;0.0;0.0;0.0;0.0;
0200E;Md;0.4;0.4;0.4;0.3;0.5;0.2;0.1;0.1;0.2;0.8;0.8;0.4;
0200E;S;1.08;0.96;0.88;0.92;1.14;0.62;0.42;0.27;0.54;1.39;1.91;1.17;
0200E;Cv;2.51;2.39;2.39;2.76;2.45;3.90;3.81;3.53;2.54;1.85;2.41;3.04;
0076;N;11;20;17;18;19;17;18;17;15;15;14;13;3
0076;Min;;0.0;0.0;0.0;0.0;0.0;0.0;0.0;0.0;0.0;;;
0076;Q1;;0.0;0.0;0.0;0.0;0.0;0.0;0.0;0.0;0.0;;;
0076;Q2;;0.0;0.0;0.0;0.0;0.0;0.0;0.0;0.0;0.0;;;
0076;Q3;;0.0;0.0;0.0;0.0;0.0;0.0;0.0;0.0;0.0;;;
0076;Q4;;0.0;0.0;0.0;0.0;0.0;0.0;0.0;0.0;0.0;;;
0076;Max;;1.0;0.0;1.0;0.0;0.0;0.0;0.0;0.0;1.0;;;
0076;Mn;;0.0;0.0;0.0;0.0;0.0;0.0;0.0;0.0;0.0;;;
0076;Md;;0.1;0.0;0.1;0.0;0.0;0.0;0.0;0.0;0.1;;;
0076;S;;0.22;0.00;0.24;0.00;0.00;0.00;0.00;0.00;0.26;;;
0076;Cv;;4.47;-;4.24;-;-;-;-;-;3.87;;;
1082;N;25;26;28;26;27;29;27;28;26;28;23;26;11
1082;Min;0.0;0.0;0.0;0.0;0.0;0.0;0.0;0.0;0.0;0.0;0.0;0.0;
1082;Q1;0.0;0.0;0.0;0.0;0.0;0.0;0.0;0.0;0.0;0.0;0.0;0.0;
1082;Q2;0.0;0.0;0.0;0.0;0.0;0.0;0.0;0.0;0.0;0.0;0.0;0.0;
1082;Q3;0.0;0.0;0.0;0.0;0.0;0.0;0.0;0.0;0.0;0.0;0.0;0.0;
1082;Q4;1.0;1.0;0.0;0.0;0.0;0.0;0.0;0.0;0.0;0.0;1.0;1.0;
1082;Max;3.0;2.0;2.0;2.0;1.0;1.0;0.0;1.0;1.0;2.0;4.0;6.0;
1082;Mn;0.0;0.0;0.0;0.0;0.0;0.0;0.0;0.0;0.0;0.0;0.0;0.0;
1082;Md;0.5;0.4;0.3;0.2;0.0;0.1;0.0;0.1;0.0;0.1;0.6;0.9;
1082;S;0.82;0.64;0.65;0.46;0.19;0.31;0.00;0.31;0.20;0.45;0.99;1.76;
1082;Cv;1.58;1.66;2.58;3.02;5.20;3.00;-;2.94;5.10;3.14;1.76;1.91;
2331;N;22;19;23;26;21;20;24;24;18;21;20;20;4
2331;Min;0.0;0.0;0.0;0.0;0.0;0.0;0.0;0.0;0.0;0.0;0.0;0.0;
2331;Q1;0.0;0.0;0.0;0.0;0.0;0.0;0.0;0.0;0.0;0.0;0.0;0.0;
2331;Q2;0.0;0.0;0.0;0.0;0.0;0.0;0.0;0.0;0.0;0.0;0.0;0.0;
2331;Q3;0.0;0.0;0.0;0.0;0.0;0.0;0.0;0.0;0.0;0.0;0.0;0.0;
2331;Q4;0.0;0.0;0.0;0.0;0.0;0.0;0.0;0.0;0.0;1.0;1.0;0.8;
2331;Max;2.0;1.0;1.0;1.0;0.0;1.0;0.0;1.0;1.0;1.0;1.0;2.0;
2331;Mn;0.0;0.0;0.0;0.0;0.0;0.0;0.0;0.0;0.0;0.0;0.0;0.0;
2331;Md;0.1;0.2;0.1;0.1;0.0;0.1;0.0;0.0;0.1;0.3;0.3;0.3;
2331;S;0.47;0.37;0.29;0.27;0.00;0.22;0.00;0.20;0.24;0.46;0.44;0.55;
2331;Cv;3.43;2.37;3.31;3.53;-;4.47;-;4.90;4.24;1.62;1.78;2.20;
3469A;N;22;24;28;25;26;24;23;23;24;25;26;22;12
3469A;Min;0.0;0.0;0.0;0.0;0.0;0.0;0.0;0.0;0.0;0.0;0.0;0.0;
3469A;Q1;0.0;0.0;0.0;0.0;0.0;0.0;0.0;0.0;0.0;0.0;0.0;0.0;
3469A;Q2;0.0;0.0;0.0;0.0;0.0;0.0;0.0;0.0;0.0;0.0;0.0;0.0;
3469A;Q3;0.0;0.0;0.0;0.0;0.0;0.0;0.0;0.0;0.0;0.0;0.0;0.0;
3469A;Q4;0.0;0.0;0.0;0.0;0.0;0.0;0.0;0.0;0.0;0.0;0.0;0.0;
3469A;Max;1.0;2.0;1.0;1.0;0.0;0.0;0.0;0.0;1.0;1.0;1.0;1.0;
3469A;Mn;0.0;0.0;0.0;0.0;0.0;0.0;0.0;0.0;0.0;0.0;0.0;0.0;
3469A;Md;0.0;0.2;0.0;0.0;0.0;0.0;0.0;0.0;0.0;0.1;0.1;0.0;
3469A;S;0.21;0.48;0.19;0.20;0.00;0.00;0.00;0.00;0.20;0.33;0.27;0.21;
3469A;Cv;4.69;2.89;5.29;5.00;-;-;-;-;4.90;2.76;3.53;4.69;
5973;N;21;21;25;23;24;26;23;17;26;23;24;25;8
5973;Min;0.0;0.0;0.0;0.0;0.0;0.0;0.0;0.0;0.0;0.0;0.0;0.0;
5973;Q1;0.0;0.0;0.0;0.0;0.0;0.0;0.0;0.0;0.0;0.0;0.0;0.0;
5973;Q2;0.0;0.0;0.0;0.0;0.0;0.0;0.0;0.0;0.0;0.0;0.0;0.0;
5973;Q3;0.0;0.0;0.0;0.0;0.0;0.0;0.0;0.0;0.0;0.0;0.0;0.0;
5973;Q4;0.0;1.0;1.0;1.0;0.0;0.6;0.0;0.0;0.0;1.0;1.0;0.8;
5973;Max;5.0;1.0;5.0;2.0;4.0;1.0;1.0;0.0;3.0;7.0;3.0;2.0;
5973;Mn;0.0;0.0;0.0;0.0;0.0;0.0;0.0;0.0;0.0;0.0;0.0;0.0;
5973;Md;0.4;0.3;0.7;0.3;0.3;0.2;0.1;0.0;0.1;0.5;0.4;0.3;
5973;S;1.21;0.46;1.38;0.56;0.86;0.40;0.29;0.00;0.59;1.47;0.83;0.61;
5973;Cv;2.82;1.62;2.02;1.84;2.94;2.09;3.31;-;5.10;3.08;1.99;2.19;
5960;N;17;18;19;18;16;15;17;16;18;16;15;14;5
5960;Min;0.0;0.0;0.0;0.0;0.0;0.0;0.0;0.0;0.0;0.0;0.0;;
5960;Q1;0.0;0.0;0.0;0.0;0.0;0.0;0.0;0.0;0.0;0.0;0.0;;
5960;Q2;0.0;0.0;0.0;0.0;0.0;0.0;0.0;0.0;0.0;0.0;0.0;;
5960;Q3;0.0;0.0;0.0;0.0;0.0;0.0;0.0;0.0;0.0;0.0;0.0;;
5960;Q4;0.0;0.0;0.0;0.0;0.0;0.0;0.0;0.0;0.0;0.0;0.0;;
5960;Max;0.0;0.0;0.0;0.0;0.0;0.0;0.0;0.0;0.0;0.0;2.0;;
5960;Mn;0.0;0.0;0.0;0.0;0.0;0.0;0.0;0.0;0.0;0.0;0.0;;
5960;Md;0.0;0.0;0.0;0.0;0.0;0.0;0.0;0.0;0.0;0.0;0.2;;
5960;S;0.00;0.00;0.00;0.00;0.00;0.00;0.00;0.00;0.00;0.00;0.56;;
5960;Cv;-;-;-;-;-;-;-;-;-;-;2.80;;
5910;N;15;15;16;11;17;17;13;19;16;13;12;15;2
5910;Min;0.0;0.0;0.0;;0.0;0.0;;0.0;0.0;;;0.0;
5910;Q1;0.0;0.0;0.0;;0.0;0.0;;0.0;0.0;;;0.0;
5910;Q2;0.0;0.0;0.0;;0.0;0.0;;0.0;0.0;;;0.0;
5910;Q3;0.0;0.0;0.0;;0.0;0.0;;0.0;0.0;;;0.0;
5910;Q4;0.0;0.0;0.0;;0.0;0.0;;0.0;0.0;;;0.0;
5910;Max;1.0;0.0;4.0;;0.0;0.0;;0.0;0.0;;;0.0;
5910;Mn;0.0;0.0;0.0;;0.0;0.0;;0.0;0.0;;;0.0;
5910;Md;0.1;0.0;0.3;;0.0;0.0;;0.0;0.0;;;0.0;
5910;S;0.26;0.00;1.00;;0.00;0.00;;0.00;0.00;;;0.00;
5910;Cv;3.87;-;4.00;;-;-;;-;-;;;-;
6001;N;14;16;10;12;16;8;17;14;15;16;13;10;3
6001;Min;;0.0;;;0.0;;0.0;;0.0;0.0;;;
6001;Q1;;0.0;;;0.0;;0.0;;0.0;0.0;;;
6001;Q2;;0.0;;;0.0;;0.2;;0.0;0.0;;;
6001;Q3;;2.2;;;1.0;;2.8;;0.6;1.0;;;
6001;Q4;;4.0;;;3.6;;8.8;;1.8;1.6;;;
6001;Max;;11.0;;;6.0;;11.0;;12.0;8.0;;;
6001;Mn;;1.5;;;0.0;;1.0;;0.0;0.0;;;
6001;Md;;2.4;;;1.3;;3.3;;1.3;1.1;;;
6001;S;;3.12;;;1.92;;4.19;;3.06;2.13;;;
6001;Cv;;1.31;;;1.46;;1.27;;2.41;1.89;;;
1111;N;9;8;11;12;11;11;11;10;9;9;7;7;0
1111;Min;;;;;;;;;;;;;
1111;Q1;;;;;;;;;;;;;
1111;Q2;;;;;;;;;;;;;
1111;Q3;;;;;;;;;;;;;
1111;Q4;;;;;;;;;;;;;
1111;Max;;;;;;;;;;;;;
1111;Mn;;;;;;;;;;;;;
1111;Md;;;;;;;;;;;;;
1111;S;;;;;;;;;;;;;
1111;Cv;;;;;;;;;;;;;
1109;N;18;19;23;21;20;23;22;20;24;22;18;18;2
1109;Min;0.0;0.0;0.0;0.0;0.0;0.0;0.0;0.0;0.0;0.0;0.0;0.0;
1109;Q1;0.0;0.0;0.0;0.0;0.0;0.0;0.0;0.0;0.0;0.0;0.0;0.0;
1109;Q2;1.0;0.0;0.0;0.0;0.0;0.0;0.0;0.0;0.0;0.0;0.0;0.0;
1109;Q3;2.0;1.0;0.0;0.0;0.0;0.0;0.0;0.0;0.0;0.0;0.4;1.0;
1109;Q4;3.2;2.0;1.0;0.0;0.0;0.0;0.0;0.0;0.0;0.4;1.2;3.2;
1109;Max;5.0;5.0;3.0;3.0;1.0;1.0;0.0;0.0;1.0;1.0;4.0;6.0;
1109;Mn;1.5;1.0;0.0;0.0;0.0;0.0;0.0;0.0;0.0;0.0;0.0;0.0;
1109;Md;1.8;1.0;0.3;0.2;0.2;0.1;0.0;0.0;0.0;0.2;0.7;1.3;
1109;S;1.69;1.25;0.78;0.70;0.37;0.29;0.00;0.00;0.20;0.39;1.18;2.06;
1109;Cv;0.92;1.25;2.23;2.94;2.44;3.31;-;-;4.90;2.17;1.63;1.54;
8500A;N;26;30;30;29;28;30;28;27;25;27;28;27;14
8500A;Min;0.0;0.0;0.0;0.0;0.0;0.0;0.0;0.0;0.0;0.0;0.0;0.0;
8500A;Q1;0.0;0.0;0.0;0.0;0.0;0.0;0.0;0.0;0.0;0.0;0.0;0.0;
8500A;Q2;0.0;0.0;0.0;0.0;0.0;0.0;0.0;0.0;0.0;0.0;0.0;0.0;
8500A;Q3;0.0;0.0;0.0;0.0;0.0;0.0;0.0;0.0;0.0;0.0;0.0;0.0;
8500A;Q4;0.0;0.0;0.0;0.0;0.0;0.0;0.0;0.0;0.0;0.0;0.0;0.0;
8500A;Max;1.0;1.0;2.0;1.0;0.0;0.0;0.0;0.0;0.0;0.0;1.0;1.0;
8500A;Mn;0.0;0.0;0.0;0.0;0.0;0.0;0.0;0.0;0.0;0.0;0.0;0.0;
8500A;Md;0.1;0.0;0.1;0.0;0.0;0.0;0.0;0.0;0.0;0.0;0.0;0.1;
8500A;S;0.27;0.18;0.43;0.19;0.00;0.00;0.00;0.00;0.00;0.00;0.19;0.27;
8500A;Cv;3.53;5.48;3.26;5.39;-;-;-;-;-;-;5.29;3.60;
5000C;N;2;2;2;2;2;2;5;2;3;2;3;5;0
5000C;Min;;;;;;;;;;;;;
5000C;Q1;;;;;;;;;;;;;
5000C;Q2;;;;;;;;;;;;;
5000C;Q3;;;;;;;;;;;;;
5000C;Q4;;;;;;;;;;;;;
5000C;Max;;;;;;;;;;;;;
5000C;Mn;;;;;;;;;;;;;
5000C;Md;;;;;;;;;;;;;
5000C;S;;;;;;;;;;;;;
5000C;Cv;;;;;;;;;;;;;
4121;N;15;21;20;24;22;20;17;19;21;19;20;16;2
4121;Min;0.0;0.0;0.0;0.0;0.0;0.0;0.0;0.0;0.0;0.0;0.0;0.0;
4121;Q1;0.0;0.0;0.0;0.0;0.0;0.0;0.0;0.0;0.0;0.0;0.0;0.0;
4121;Q2;0.0;0.0;0.0;0.0;0.0;0.0;0.0;0.0;0.0;0.0;0.0;0.0;
4121;Q3;0.0;0.0;0.0;0.0;0.0;0.0;0.0;0.0;0.0;0.0;0.0;0.0;
4121;Q4;0.0;0.0;0.0;0.0;0.0;0.0;0.0;0.0;0.0;0.0;0.0;0.0;
4121;Max;0.0;0.0;0.0;0.0;0.0;0.0;1.0;0.0;0.0;0.0;2.0;1.0;
4121;Mn;0.0;0.0;0.0;0.0;0.0;0.0;0.0;0.0;0.0;0.0;0.0;0.0;
4121;Md;0.0;0.0;0.0;0.0;0.0;0.0;0.1;0.0;0.0;0.0;0.1;0.1;
4121;S;0.00;0.00;0.00;0.00;0.00;0.00;0.24;0.00;0.00;0.00;0.45;0.25;
4121;Cv;-;-;-;-;-;-;4.12;-;-;-;4.47;4.00;
5402;N;11;12;12;13;10;11;13;10;14;10;11;11;2
5402;Min;;;;;;;;;;;;;
5402;Q1;;;;;;;;;;;;;
5402;Q2;;;;;;;;;;;;;
5402;Q3;;;;;;;;;;;;;
5402;Q4;;;;;;;;;;;;;
5402;Max;;;;;;;;;;;;;
5402;Mn;;;;;;;;;;;;;
5402;Md;;;;;;;;;;;;;
5402;S;;;;;;;;;;;;;
5402;Cv;;;;;;;;;;;;;
8096;N;21;26;29;26;23;20;23;20;20;21;23;24;1
8096;Min;0.0;0.0;0.0;0.0;0.0;0.0;0.0;0.0;0.0;0.0;0.0;0.0;
8096;Q1;0.0;0.0;0.0;0.0;0.0;0.0;0.0;0.0;0.0;0.0;0.0;0.0;
8096;Q2;0.0;0.0;0.0;0.0;0.0;0.0;0.0;0.0;0.0;0.0;0.0;0.0;
8096;Q3;0.0;0.0;0.0;0.0;0.0;0.0;0.0;0.0;0.0;0.0;0.0;0.0;
8096;Q4;0.0;0.0;0.0;0.0;0.0;0.0;0.0;0.0;0.0;0.0;0.0;0.0;
8096;Max;1.0;2.0;0.0;1.0;0.0;0.0;0.0;0.0;0.0;0.0;0.0;1.0;
8096;Mn;0.0;0.0;0.0;0.0;0.0;0.0;0.0;0.0;0.0;0.0;0.0;0.0;
8096;Md;0.0;0.1;0.0;0.1;0.0;0.0;0.0;0.0;0.0;0.0;0.0;0.0;
8096;S;0.22;0.43;0.00;0.27;0.00;0.00;0.00;0.00;0.00;0.00;0.00;0.20;
8096;Cv;4.58;3.74;-;3.53;-;-;-;-;-;-;-;4.90;
1014;N;22;21;23;23;23;22;24;20;21;20;24;22;2
1014;Min;0.0;0.0;0.0;0.0;0.0;0.0;0.0;0.0;0.0;0.0;0.0;0.0;
1014;Q1;0.0;0.0;0.0;0.0;0.0;0.0;0.0;0.0;0.0;0.0;0.0;0.0;
1014;Q2;0.0;0.0;0.0;0.0;0.0;0.0;0.0;0.0;0.0;0.0;0.0;0.0;
1014;Q3;0.0;0.0;0.0;0.0;0.0;0.0;0.0;0.0;0.0;0.0;0.0;0.0;
1014;Q4;1.0;1.0;1.0;0.0;0.0;0.0;0.0;0.0;0.0;1.0;0.0;1.0;
1014;Max;1.0;2.0;2.0;0.0;0.0;1.0;0.0;0.0;0.0;2.0;3.0;8.0;
1014;Mn;0.0;0.0;0.0;0.0;0.0;0.0;0.0;0.0;0.0;0.0;0.0;0.0;
1014;Md;0.3;0.5;0.4;0.0;0.0;0.1;0.0;0.0;0.0;0.4;0.3;0.8;
1014;S;0.46;0.75;0.66;0.00;0.00;0.29;0.00;0.00;0.00;0.67;0.85;1.87;
1014;Cv;1.67;1.57;1.68;-;-;3.24;-;-;-;1.92;3.39;2.28;
1024E;N;30;27;29;30;29;29;26;28;28;29;25;29;16
1024E;Min;0.0;0.0;0.0;0.0;0.0;0.0;0.0;0.0;0.0;0.0;0.0;0.0;8.0
1024E;Q1;1.0;0.6;1.0;0.0;0.0;0.0;0.0;0.0;0.0;0.0;0.0;1.0;12.6
1024E;Q2;2.4;1.2;2.0;0.0;0.0;0.0;0.0;0.0;0.0;1.0;1.0;2.0;17.8
1024E;Q3;3.0;2.0;3.0;1.0;0.0;0.0;0.0;0.0;0.0;3.0;2.0;3.0;25.4
1024E;Q4;4.8;4.4;4.0;2.8;1.0;1.0;0.6;0.0;1.0;4.0;3.0;7.0;31.6
1024E;Max;11.0;12.0;6.0;6.0;5.0;1.0;1.0;2.0;2.0;6.0;6.0;11.0;36.0
1024E;Mn;3.0;2.0;2.0;1.0;0.0;0.0;0.0;0.0;0.0;2.0;2.0;3.0;20.5
1024E;Md;3.2;2.5;2.3;1.3;0.6;0.3;0.2;0.2;0.4;2.1;2.0;3.8;21.7
1024E;S;2.52;2.71;1.77;1.62;1.06;0.45;0.40;0.48;0.62;1.92;1.85;3.20;9.12
1024E;Cv;0.79;1.08;0.78;1.28;1.91;1.65;2.09;2.66;1.74;0.90;0.92;0.85;0.42
0367;N;20;21;18;20;19;18;20;20;19;21;22;21;5
0367;Min;0.0;0.0;0.0;0.0;0.0;0.0;0.0;0.0;0.0;0.0;0.0;0.0;
0367;Q1;0.0;0.0;0.0;0.0;0.0;0.0;0.0;0.0;0.0;0.0;0.0;0.0;
0367;Q2;0.0;0.0;0.0;0.0;0.0;0.0;0.0;0.0;0.0;0.0;0.0;0.0;
0367;Q3;0.0;0.0;0.0;0.0;0.0;0.0;0.0;0.0;0.0;0.0;0.0;0.0;
0367;Q4;0.0;0.0;0.0;0.0;0.0;0.0;0.0;0.0;0.0;0.0;0.0;0.0;
0367;Max;1.0;2.0;0.0;0.0;0.0;0.0;0.0;0.0;0.0;0.0;0.0;0.0;
0367;Mn;0.0;0.0;0.0;0.0;0.0;0.0;0.0;0.0;0.0;0.0;0.0;0.0;
0367;Md;0.1;0.1;0.0;0.0;0.0;0.0;0.0;0.0;0.0;0.0;0.0;0.0;
0367;S;0.31;0.44;0.00;0.00;0.00;0.00;0.00;0.00;0.00;0.00;0.00;0.00;
0367;Cv;3.08;4.58;-;-;-;-;-;-;-;-;-;-;
5530E;N;26;29;30;27;27;30;29;27;30;30;28;27;19
5530E;Min;0.0;0.0;0.0;0.0;0.0;0.0;0.0;0.0;0.0;0.0;0.0;0.0;0.0
5530E;Q1;0.0;0.0;0.0;0.0;0.0;0.0;0.0;0.0;0.0;0.0;0.0;0.0;0.0
5530E;Q2;0.0;0.0;0.0;0.0;0.0;0.0;0.0;0.0;0.0;0.0;0.0;0.0;0.0
5530E;Q3;0.0;0.0;0.0;0.0;0.0;0.0;0.0;0.0;0.0;0.0;0.0;0.0;0.0
5530E;Q4;0.0;0.0;0.0;0.0;0.0;0.0;0.0;0.0;0.0;0.0;0.0;0.0;1.0
5530E;Max;1.0;0.0;0.0;1.0;1.0;0.0;1.0;0.0;0.0;0.0;1.0;1.0;1.0
5530E;Mn;0.0;0.0;0.0;0.0;0.0;0.0;0.0;0.0;0.0;0.0;0.0;0.0;0.0
5530E;Md;0.0;0.0;0.0;0.0;0.0;0.0;0.1;0.0;0.0;0.0;0.0;0.0;0.3
5530E;S;0.20;0.00;0.00;0.19;0.19;0.00;0.26;0.00;0.00;0.00;0.19;0.19;0.48
5530E;Cv;5.10;-;-;5.20;5.20;-;3.74;-;-;-;5.29;5.20;1.51
5514;N;19;20;21;20;21;19;17;20;17;19;17;18;13
5514;Min;0.0;0.0;0.0;0.0;0.0;0.0;0.0;0.0;0.0;0.0;0.0;0.0;
5514;Q1;0.0;0.0;0.0;0.0;0.0;0.0;0.0;0.0;0.0;0.0;0.0;0.0;
5514;Q2;0.0;0.0;0.0;0.0;0.0;0.0;0.0;0.0;0.0;0.0;0.0;0.0;
5514;Q3;0.0;0.0;0.0;0.0;0.0;0.0;0.0;0.0;0.0;0.0;0.0;0.0;
5514;Q4;0.0;0.0;0.0;0.0;0.0;0.0;0.0;0.0;0.0;0.0;0.0;0.0;
5514;Max;1.0;0.0;0.0;0.0;0.0;0.0;0.0;0.0;0.0;0.0;0.0;0.0;
5514;Mn;0.0;0.0;0.0;0.0;0.0;0.0;0.0;0.0;0.0;0.0;0.0;0.0;
5514;Md;0.1;0.0;0.0;0.0;0.0;0.0;0.0;0.0;0.0;0.0;0.0;0.0;
5514;S;0.23;0.00;0.00;0.00;0.00;0.00;0.00;0.00;0.00;0.00;0.00;0.00;
5514;Cv;4.36;-;-;-;-;-;-;-;-;-;-;-;
3013;N;20;23;24;26;23;21;21;20;23;20;23;20;11
3013;Min;0.0;0.0;0.0;0.0;0.0;0.0;0.0;0.0;0.0;0.0;0.0;0.0;
3013;Q1;0.0;0.0;0.0;0.0;0.0;0.0;0.0;0.0;0.0;0.0;0.0;0.0;
3013;Q2;0.0;0.0;0.0;0.0;0.0;0.0;0.0;0.0;0.0;0.0;0.0;0.0;
3013;Q3;0.0;0.0;0.0;0.0;0.0;0.0;0.0;0.0;0.0;0.0;0.0;0.0;
3013;Q4;0.0;0.0;0.0;0.0;0.0;0.0;0.0;0.0;0.0;0.0;0.0;0.0;
3013;Max;1.0;1.0;0.0;1.0;0.0;0.0;1.0;0.0;0.0;0.0;0.0;1.0;
3013;Mn;0.0;0.0;0.0;0.0;0.0;0.0;0.0;0.0;0.0;0.0;0.0;0.0;
3013;Md;0.1;0.1;0.0;0.0;0.0;0.0;0.0;0.0;0.0;0.0;0.0;0.1;
3013;S;0.22;0.29;0.00;0.20;0.00;0.00;0.22;0.00;0.00;0.00;0.00;0.22;
3013;Cv;4.47;3.31;-;5.10;-;-;4.58;-;-;-;-;4.47;
4642E;N;15;18;18;18;19;18;16;21;17;16;18;17;2
4642E;Min;0.0;0.0;0.0;0.0;0.0;0.0;0.0;0.0;0.0;0.0;0.0;0.0;
4642E;Q1;0.0;0.0;0.0;0.0;0.0;0.0;0.0;0.0;0.0;0.0;0.0;0.0;
4642E;Q2;0.0;0.0;0.0;0.0;0.0;0.0;0.0;0.0;0.0;0.0;0.0;0.0;
4642E;Q3;0.0;0.0;0.0;0.0;0.0;0.0;0.0;0.0;0.0;0.0;0.0;0.0;
4642E;Q4;0.0;0.0;0.0;0.0;0.0;0.0;0.0;0.0;0.0;0.0;0.0;0.0;
4642E;Max;0.0;1.0;0.0;1.0;0.0;0.0;0.0;0.0;0.0;1.0;1.0;1.0;
4642E;Mn;0.0;0.0;0.0;0.0;0.0;0.0;0.0;0.0;0.0;0.0;0.0;0.0;
4642E;Md;0.0;0.1;0.0;0.1;0.0;0.0;0.0;0.0;0.0;0.1;0.1;0.1;
4642E;S;0.00;0.24;0.00;0.24;0.00;0.00;0.00;0.00;0.00;0.25;0.24;0.24;
4642E;Cv;-;4.24;-;4.24;-;-;-;-;-;4.00;4.24;4.12;
9898;N;19;18;19;24;16;17;18;13;16;16;18;20;5
9898;Min;0.0;0.0;0.0;0.0;0.0;0.0;0.0;;0.0;0.0;0.0;0.0;
9898;Q1;0.0;0.0;0.0;0.0;0.0;0.0;0.0;;0.0;0.0;0.0;0.0;
9898;Q2;0.0;0.0;0.0;0.0;0.0;0.0;0.0;;0.0;0.0;0.0;0.0;
9898;Q3;0.0;1.0;0.0;0.0;0.0;0.0;0.4;;0.0;0.0;0.0;0.0;
9898;Q4;1.0;1.2;1.0;1.0;0.0;1.0;1.0;;0.0;0.0;2.0;0.8;
9898;Max;3.0;3.0;2.0;1.0;2.0;2.0;3.0;;1.0;1.0;2.0;2.0;
9898;Mn;0.0;0.0;0.0;0.0;0.0;0.0;0.0;;0.0;0.0;0.0;0.0;
9898;Md;0.4;0.7;0.3;0.2;0.2;0.4;0.5;;0.1;0.1;0.5;0.3;
9898;S;0.84;0.91;0.58;0.41;0.54;0.61;0.79;;0.25;0.34;0.86;0.55;
9898;Cv;1.99;1.36;1.84;1.99;2.90;1.72;1.57;;4.00;2.73;1.71;2.20;
5270B;N;6;9;10;11;12;4;7;10;5;11;10;10;0
5270B;Min;;;;;;;;;;;;;
5270B;Q1;;;;;;;;;;;;;
5270B;Q2;;;;;;;;;;;;;
5270B;Q3;;;;;;;;;;;;;
5270B;Q4;;;;;;;;;;;;;
5270B;Max;;;;;;;;;;;;;
5270B;Mn;;;;;;;;;;;;;
5270B;Md;;;;;;;;;;;;;
5270B;S;;;;;;;;;;;;;
5270B;Cv;;;;;;;;;;;;;
9170;N;25;23;23;25;25;23;25;26;28;24;22;20;10
9170;Min;0.0;0.0;0.0;0.0;0.0;0.0;0.0;0.0;0.0;0.0;0.0;0.0;
9170;Q1;0.0;0.0;0.0;0.0;0.0;0.0;0.0;0.0;0.0;0.0;0.0;0.0;
9170;Q2;0.0;0.0;0.0;0.0;0.0;0.0;0.0;0.0;0.0;0.0;0.0;0.0;
9170;Q3;0.0;0.0;0.0;0.0;0.0;0.0;0.0;0.0;0.0;0.0;0.0;0.0;
9170;Q4;0.0;1.0;0.0;0.0;0.0;0.0;0.0;0.0;0.0;0.0;0.0;0.0;
9170;Max;1.0;2.0;1.0;1.0;0.0;0.0;1.0;1.0;0.0;1.0;1.0;1.0;
9170;Mn;0.0;0.0;0.0;0.0;0.0;0.0;0.0;0.0;0.0;0.0;0.0;0.0;
9170;Md;0.0;0.3;0.0;0.1;0.0;0.0;0.1;0.2;0.0;0.0;0.0;0.1;
9170;S;0.20;0.54;0.21;0.28;0.00;0.00;0.28;0.37;0.00;0.20;0.21;0.22;
9170;Cv;5.00;2.07;4.80;3.46;-;-;3.46;2.39;-;4.90;4.69;4.47;
C249I;N;25;24;22;21;27;23;25;26;25;24;22;23;6
C249I;Min;0.0;0.0;0.0;0.0;0.0;0.0;0.0;0.0;0.0;0.0;0.0;0.0;
C249I;Q1;0.0;0.0;0.0;0.0;0.0;0.0;0.0;0.0;0.0;0.0;0.0;0.0;
C249I;Q2;0.0;0.0;0.0;0.0;0.0;0.0;0.0;0.0;0.0;0.0;0.0;0.0;
C249I;Q3;0.0;0.0;0.0;0.0;0.0;0.0;0.0;0.0;0.0;0.0;0.0;0.0;
C249I;Q4;0.0;0.0;0.0;0.0;0.0;0.0;0.0;0.0;0.0;0.0;0.0;0.0;
C249I;Max;1.0;1.0;1.0;1.0;0.0;0.0;1.0;0.0;0.0;1.0;2.0;1.0;
C249I;Mn;0.0;0.0;0.0;0.0;0.0;0.0;0.0;0.0;0.0;0.0;0.0;0.0;
C249I;Md;0.0;0.0;0.0;0.0;0.0;0.0;0.0;0.0;0.0;0.0;0.1;0.0;
C249I;S;0.20;0.20;0.21;0.22;0.00;0.00;0.20;0.00;0.00;0.20;0.43;0.21;
C249I;Cv;5.00;4.90;4.69;4.58;-;-;5.00;-;-;4.90;4.69;4.80;
C649I;N;24;19;21;23;25;21;18;22;25;24;21;22;12
C649I;Min;0.0;0.0;0.0;0.0;0.0;0.0;0.0;0.0;0.0;0.0;0.0;0.0;
C649I;Q1;0.0;0.0;0.0;0.0;0.0;0.0;0.0;0.0;0.0;0.0;0.0;0.0;
C649I;Q2;0.0;0.0;0.0;0.0;0.0;0.0;0.0;0.0;0.0;0.0;0.0;0.0;
C649I;Q3;0.0;0.0;0.0;0.0;0.0;0.0;0.0;0.0;0.0;0.0;0.0;0.0;
C649I;Q4;0.0;0.0;0.0;0.0;0.0;0.0;0.0;0.0;0.0;0.0;0.0;0.0;
C649I;Max;1.0;0.0;0.0;0.0;0.0;0.0;0.0;0.0;1.0;0.0;1.0;0.0;
C649I;Mn;0.0;0.0;0.0;0.0;0.0;0.0;0.0;0.0;0.0;0.0;0.0;0.0;
C649I;Md;0.0;0.0;0.0;0.0;0.0;0.0;0.0;0.0;0.0;0.0;0.1;0.0;
C649I;S;0.20;0.00;0.00;0.00;0.00;0.00;0.00;0.00;0.20;0.00;0.30;0.00;
C649I;Cv;4.90;-;-;-;-;-;-;-;5.00;-;3.16;-;
C029O;N;22;24;25;23;26;28;25;25;25;25;25;24;10
C029O;Min;0.0;0.0;0.0;0.0;0.0;0.0;0.0;0.0;0.0;0.0;0.0;0.0;
C029O;Q1;0.0;0.0;0.0;0.0;0.0;0.0;0.0;0.0;0.0;0.0;0.0;0.0;
C029O;Q2;0.0;0.0;0.0;0.0;0.0;0.0;0.0;0.0;0.0;0.0;0.0;0.0;
C029O;Q3;0.0;0.0;0.0;0.0;0.0;0.0;0.0;0.0;0.0;0.0;0.0;0.0;
C029O;Q4;0.0;0.0;0.0;0.0;0.0;0.0;0.0;0.0;0.0;0.0;0.0;0.0;
C029O;Max;1.0;0.0;0.0;0.0;0.0;0.0;0.0;0.0;1.0;0.0;0.0;1.0;
C029O;Mn;0.0;0.0;0.0;0.0;0.0;0.0;0.0;0.0;0.0;0.0;0.0;0.0;
C029O;Md;0.0;0.0;0.0;0.0;0.0;0.0;0.0;0.0;0.0;0.0;0.0;0.0;
C029O;S;0.21;0.00;0.00;0.00;0.00;0.00;0.00;0.00;0.20;0.00;0.00;0.20;
C029O;Cv;4.69;-;-;-;-;-;-;-;5.00;-;-;4.90;
2661;N;26;29;29;27;26;26;28;29;28;29;28;26;17
2661;Min;0.0;0.0;0.0;0.0;0.0;0.0;0.0;0.0;0.0;0.0;0.0;0.0;0.0
2661;Q1;0.0;0.0;0.0;0.0;0.0;0.0;0.0;0.0;0.0;0.0;0.0;0.0;1.0
2661;Q2;0.0;0.0;0.0;0.0;0.0;0.0;0.0;0.0;0.0;0.0;0.0;0.0;1.0
2661;Q3;0.0;0.0;0.0;0.0;0.0;0.0;0.0;0.0;0.0;0.0;0.0;0.0;1.0
2661;Q4;0.0;0.0;0.0;0.0;0.0;0.0;0.0;0.0;0.0;0.0;0.0;0.0;3.0
2661;Max;2.0;1.0;1.0;1.0;1.0;1.0;1.0;0.0;1.0;1.0;1.0;2.0;4.0
2661;Mn;0.0;0.0;0.0;0.0;0.0;0.0;0.0;0.0;0.0;0.0;0.0;0.0;1.0
2661;Md;0.2;0.1;0.1;0.1;0.0;0.0;0.0;0.0;0.1;0.1;0.1;0.2;1.5
2661;S;0.49;0.35;0.26;0.36;0.20;0.20;0.19;0.00;0.36;0.35;0.36;0.46;1.18
2661;Cv;2.56;2.54;3.74;2.44;5.10;5.10;5.29;-;2.49;2.54;2.49;3.02;0.77
1549;N;17;19;21;23;20;20;19;18;20;21;20;19;7
1549;Min;0.0;0.0;0.0;0.0;0.0;0.0;0.0;0.0;0.0;0.0;0.0;0.0;
1549;Q1;0.0;0.0;0.0;0.0;0.0;0.0;0.0;0.0;0.0;0.0;0.0;0.0;
1549;Q2;0.0;0.0;0.0;0.0;0.0;0.0;0.0;0.0;0.0;0.0;0.0;0.0;
1549;Q3;0.0;0.0;0.0;0.0;0.0;0.0;0.0;0.0;0.0;0.0;0.0;0.0;
1549;Q4;0.0;0.0;0.0;0.0;0.0;0.0;0.0;0.0;0.0;0.0;0.0;0.0;
1549;Max;0.0;0.0;0.0;0.0;0.0;0.0;0.0;0.0;0.0;1.0;0.0;1.0;
1549;Mn;0.0;0.0;0.0;0.0;0.0;0.0;0.0;0.0;0.0;0.0;0.0;0.0;
1549;Md;0.0;0.0;0.0;0.0;0.0;0.0;0.0;0.0;0.0;0.0;0.0;0.1;
1549;S;0.00;0.00;0.00;0.00;0.00;0.00;0.00;0.00;0.00;0.22;0.00;0.23;
1549;Cv;-;-;-;-;-;-;-;-;-;4.58;-;4.36;
9771C;N;17;22;21;24;21;22;21;23;16;21;24;17;4
9771C;Min;0.0;0.0;0.0;0.0;0.0;0.0;0.0;0.0;0.0;0.0;0.0;0.0;
9771C;Q1;0.0;0.0;0.0;0.0;0.0;0.0;0.0;0.0;0.0;0.0;0.0;0.0;
9771C;Q2;0.0;0.0;0.0;0.0;0.0;0.0;0.0;0.0;0.0;0.0;0.0;0.0;
9771C;Q3;0.0;0.0;0.0;0.0;0.0;0.0;0.0;0.0;0.0;0.0;0.0;0.0;
9771C;Q4;1.0;1.0;1.0;0.0;0.0;0.0;0.0;0.0;0.0;0.0;0.0;0.0;
9771C;Max;2.0;2.0;2.0;3.0;1.0;1.0;1.0;1.0;0.0;1.0;1.0;1.0;
9771C;Mn;0.0;0.0;0.0;0.0;0.0;0.0;0.0;0.0;0.0;0.0;0.0;0.0;
9771C;Md;0.4;0.3;0.4;0.3;0.1;0.1;0.0;0.1;0.0;0.1;0.1;0.1;
9771C;S;0.61;0.57;0.74;0.86;0.30;0.35;0.22;0.29;0.00;0.30;0.28;0.24;
9771C;Cv;1.72;1.78;1.94;2.94;3.16;2.58;4.58;3.31;-;3.16;3.39;4.12;
1505;N;13;19;18;18;18;16;15;17;20;17;18;16;0
1505;Min;;0.0;0.0;0.0;0.0;0.0;0.0;0.0;0.0;0.0;0.0;0.0;
1505;Q1;;0.0;0.0;0.0;0.0;0.0;0.0;0.0;0.0;0.0;0.0;0.0;
1505;Q2;;0.0;0.0;0.0;0.0;0.0;0.0;0.0;0.0;0.0;0.0;0.0;
1505;Q3;;0.0;0.0;0.0;0.0;0.0;0.0;0.0;0.0;0.0;0.0;0.0;
1505;Q4;;0.0;0.0;0.0;0.0;0.0;0.0;0.0;0.0;0.0;0.0;0.0;
1505;Max;;0.0;1.0;0.0;0.0;0.0;0.0;0.0;0.0;1.0;0.0;1.0;
1505;Mn;;0.0;0.0;0.0;0.0;0.0;0.0;0.0;0.0;0.0;0.0;0.0;
1505;Md;;0.0;0.1;0.0;0.0;0.0;0.0;0.0;0.0;0.1;0.0;0.1;
1505;S;;0.00;0.24;0.00;0.00;0.00;0.00;0.00;0.00;0.24;0.00;0.25;
1505;Cv;;-;4.24;-;-;-;-;-;-;4.12;-;4.00;
3191E;N;3;3;3;2;2;3;0;4;2;4;4;6;0
3191E;Min;;;;;;;;;;;;;
3191E;Q1;;;;;;;;;;;;;
3191E;Q2;;;;;;;;;;;;;
3191E;Q3;;;;;;;;;;;;;
3191E;Q4;;;;;;;;;;;;;
3191E;Max;;;;;;;;;;;;;
3191E;Mn;;;;;;;;;;;;;
3191E;Md;;;;;;;;;;;;;
3191E;S;;;;;;;;;;;;;
3191E;Cv;;;;;;;;;;;;;
3195;N;21;23;18;21;19;22;14;21;23;21;24;19;4
3195;Min;0.0;0.0;0.0;0.0;0.0;0.0;;0.0;0.0;0.0;0.0;0.0;
3195;Q1;0.0;0.0;0.0;0.0;0.0;0.0;;0.0;0.0;0.0;0.0;0.0;
3195;Q2;0.0;0.0;0.0;0.0;0.0;0.0;;0.0;0.0;0.0;0.0;0.0;
3195;Q3;0.0;0.0;0.0;0.0;0.0;0.0;;0.0;0.0;0.0;0.0;0.0;
3195;Q4;0.0;0.0;0.0;0.0;0.0;0.0;;0.0;0.0;0.0;0.0;0.0;
3195;Max;0.0;0.0;0.0;1.0;0.0;0.0;;0.0;0.0;0.0;0.0;0.0;
3195;Mn;0.0;0.0;0.0;0.0;0.0;0.0;;0.0;0.0;0.0;0.0;0.0;
3195;Md;0.0;0.0;0.0;0.0;0.0;0.0;;0.0;0.0;0.0;0.0;0.0;
3195;S;0.00;0.00;0.00;0.22;0.00;0.00;;0.00;0.00;0.00;0.00;0.00;
3195;Cv;-;-;-;4.58;-;-;;-;-;-;-;-;
3129;N;26;23;26;28;27;28;29;30;27;21;24;23;12
3129;Min;0.0;0.0;0.0;0.0;0.0;0.0;0.0;0.0;0.0;0.0;0.0;0.0;
3129;Q1;0.0;0.0;0.0;0.0;0.0;0.0;0.0;0.0;0.0;0.0;0.0;0.0;
3129;Q2;0.0;0.0;0.0;0.0;0.0;0.0;0.0;0.0;0.0;0.0;0.0;0.0;
3129;Q3;0.0;0.0;0.0;0.0;0.0;0.0;0.0;0.0;0.0;0.0;0.0;0.0;
3129;Q4;0.0;0.0;0.0;0.0;0.0;0.0;0.0;0.0;0.0;0.0;0.0;0.0;
3129;Max;0.0;1.0;1.0;0.0;0.0;0.0;1.0;0.0;0.0;0.0;1.0;2.0;
3129;Mn;0.0;0.0;0.0;0.0;0.0;0.0;0.0;0.0;0.0;0.0;0.0;0.0;
3129;Md;0.0;0.0;0.1;0.0;0.0;0.0;0.1;0.0;0.0;0.0;0.1;0.1;
3129;S;0.00;0.21;0.33;0.00;0.00;0.00;0.35;0.00;0.00;0.00;0.28;0.42;
3129;Cv;-;4.80;2.82;-;-;-;2.54;-;-;-;3.39;4.80;
3196;N;26;26;27;29;29;28;26;28;28;28;29;26;19
3196;Min;0.0;0.0;0.0;0.0;0.0;0.0;0.0;0.0;0.0;0.0;0.0;0.0;0.0
3196;Q1;0.0;0.0;0.0;0.0;0.0;0.0;0.0;0.0;0.0;0.0;0.0;0.0;0.0
3196;Q2;0.0;0.0;0.0;0.0;0.0;0.0;0.0;0.0;0.0;0.0;0.0;0.0;0.0
3196;Q3;0.0;0.0;0.0;0.0;0.0;0.0;0.0;0.0;0.0;0.0;0.0;0.0;0.0
3196;Q4;0.0;0.0;0.0;0.0;0.0;0.0;0.0;0.0;0.0;0.0;0.0;0.0;1.0
3196;Max;1.0;0.0;0.0;1.0;0.0;0.0;1.0;0.0;1.0;1.0;1.0;1.0;2.0
3196;Mn;0.0;0.0;0.0;0.0;0.0;0.0;0.0;0.0;0.0;0.0;0.0;0.0;0.0
3196;Md;0.0;0.0;0.0;0.0;0.0;0.0;0.2;0.0;0.0;0.0;0.0;0.0;0.4
3196;S;0.20;0.00;0.00;0.19;0.00;0.00;0.37;0.00;0.19;0.19;0.19;0.20;0.60
3196;Cv;5.10;-;-;5.39;-;-;2.39;-;5.29;5.29;5.39;5.10;1.62
3200;N;25;26;27;28;26;26;29;29;28;28;27;25;14
3200;Min;0.0;0.0;0.0;0.0;0.0;0.0;0.0;0.0;0.0;0.0;0.0;0.0;
3200;Q1;0.0;0.0;0.0;0.0;0.0;0.0;0.0;0.0;0.0;0.0;0.0;0.0;
3200;Q2;0.0;0.0;0.0;0.0;0.0;0.0;0.0;0.0;0.0;0.0;0.0;0.0;
3200;Q3;0.0;0.0;0.0;0.0;0.0;0.0;0.0;0.0;0.0;0.0;0.0;0.0;
3200;Q4;0.0;0.0;0.0;0.0;0.0;0.0;0.0;0.0;0.0;0.0;0.0;0.0;
3200;Max;1.0;2.0;2.0;2.0;0.0;1.0;1.0;0.0;1.0;1.0;2.0;1.0;
3200;Mn;0.0;0.0;0.0;0.0;0.0;0.0;0.0;0.0;0.0;0.0;0.0;0.0;
3200;Md;0.1;0.2;0.1;0.1;0.0;0.1;0.2;0.0;0.0;0.1;0.1;0.2;
3200;S;0.33;0.57;0.46;0.45;0.00;0.27;0.38;0.00;0.19;0.26;0.46;0.37;
3200;Cv;2.76;2.95;3.08;3.14;-;3.53;2.23;-;5.29;3.67;3.08;2.34;
3175;N;22;25;21;21;21;17;18;27;22;19;23;21;7
3175;Min;0.0;0.0;0.0;0.0;0.0;0.0;0.0;0.0;0.0;0.0;0.0;0.0;
3175;Q1;0.0;0.0;0.0;0.0;0.0;0.0;0.0;0.0;0.0;0.0;0.0;0.0;
3175;Q2;0.0;0.0;0.0;0.0;0.0;0.0;0.0;0.0;0.0;0.0;0.0;0.0;
3175;Q3;0.0;0.0;0.0;0.0;0.0;0.0;0.0;0.0;0.0;0.0;0.0;0.0;
3175;Q4;0.0;0.0;0.0;0.0;0.0;0.0;0.0;0.0;0.0;0.0;0.0;0.0;
3175;Max;0.0;2.0;4.0;0.0;2.0;0.0;1.0;1.0;0.0;0.0;0.0;1.0;
3175;Mn;0.0;0.0;0.0;0.0;0.0;0.0;0.0;0.0;0.0;0.0;0.0;0.0;
3175;Md;0.0;0.1;0.3;0.0;0.1;0.0;0.1;0.0;0.0;0.0;0.0;0.0;
3175;S;0.00;0.40;0.90;0.00;0.48;0.00;0.32;0.19;0.00;0.00;0.00;0.22;
3175;Cv;-;5.00;3.16;-;3.35;-;2.91;5.20;-;-;-;4.58;
2462;N;13;18;16;21;24;24;23;20;19;21;20;15;7
2462;Min;;0.0;0.0;0.0;0.0;0.0;0.0;0.0;0.0;0.0;0.0;0.0;
2462;Q1;;0.0;0.0;0.0;0.0;0.0;0.0;0.0;0.0;0.0;0.0;0.0;
2462;Q2;;0.0;0.0;0.0;0.0;0.0;0.0;0.0;0.0;0.0;0.0;0.0;
2462;Q3;;0.4;0.0;0.0;0.0;0.0;0.0;0.0;0.0;0.0;0.6;1.0;
2462;Q4;;3.0;1.0;1.0;0.0;0.0;0.0;0.0;0.0;1.0;2.0;2.0;
2462;Max;;4.0;1.0;2.0;1.0;1.0;1.0;3.0;1.0;4.0;5.0;7.0;
2462;Mn;;0.0;0.0;0.0;0.0;0.0;0.0;0.0;0.0;0.0;0.0;1.0;
2462;Md;;0.9;0.3;0.3;0.1;0.1;0.1;0.2;0.1;0.6;0.9;1.5;
2462;S;;1.39;0.45;0.58;0.34;0.34;0.29;0.67;0.32;1.03;1.41;2.36;
2462;Cv;;1.47;1.79;1.73;2.70;2.70;3.31;4.47;3.00;1.80;1.57;1.61;
6155A;N;24;26;28;26;26;27;26;27;24;24;27;24;11
6155A;Min;0.0;0.0;0.0;0.0;0.0;0.0;0.0;0.0;0.0;0.0;0.0;0.0;
6155A;Q1;0.0;0.0;0.0;0.0;0.0;0.0;0.0;0.0;0.0;0.0;0.0;0.0;
6155A;Q2;0.0;0.0;0.0;0.0;0.0;0.0;0.0;0.0;0.0;0.0;0.0;0.0;
6155A;Q3;0.0;0.0;0.0;0.0;0.0;0.0;0.0;0.0;0.0;0.0;0.0;0.0;
6155A;Q4;0.0;0.0;0.0;0.0;0.0;0.0;0.0;0.0;0.0;0.0;0.0;0.0;
6155A;Max;4.0;1.0;1.0;0.0;0.0;0.0;0.0;0.0;0.0;0.0;1.0;2.0;
6155A;Mn;0.0;0.0;0.0;0.0;0.0;0.0;0.0;0.0;0.0;0.0;0.0;0.0;
6155A;Md;0.3;0.0;0.0;0.0;0.0;0.0;0.0;0.0;0.0;0.0;0.0;0.1;
6155A;S;0.86;0.20;0.19;0.00;0.00;0.00;0.00;0.00;0.00;0.00;0.19;0.41;
6155A;Cv;2.94;5.10;5.29;-;-;-;-;-;-;-;5.20;4.90;
6000A;N;21;19;21;19;21;20;21;18;23;22;23;19;6
6000A;Min;0.0;0.0;0.0;0.0;0.0;0.0;0.0;0.0;0.0;0.0;0.0;0.0;
6000A;Q1;0.0;0.0;0.0;0.0;0.0;0.0;0.0;0.0;0.0;0.0;0.0;0.0;
6000A;Q2;0.0;0.0;0.0;0.0;0.0;0.0;0.0;0.0;0.0;0.0;0.0;0.0;
6000A;Q3;0.0;0.0;0.0;0.0;0.0;0.0;0.0;0.0;0.0;0.0;0.0;0.0;
6000A;Q4;0.0;0.0;0.0;0.0;0.0;0.0;0.0;0.0;0.0;0.0;0.0;0.0;
6000A;Max;3.0;2.0;3.0;0.0;1.0;0.0;0.0;0.0;0.0;1.0;1.0;1.0;
6000A;Mn;0.0;0.0;0.0;0.0;0.0;0.0;0.0;0.0;0.0;0.0;0.0;0.0;
6000A;Md;0.2;0.2;0.2;0.0;0.0;0.0;0.0;0.0;0.0;0.0;0.0;0.1;
6000A;S;0.77;0.54;0.70;0.00;0.22;0.00;0.00;0.00;0.00;0.21;0.21;0.32;
6000A;Cv;3.23;2.54;2.94;-;4.58;-;-;-;-;4.69;4.80;3.00;
7178I;N;22;19;21;23;22;19;23;25;23;24;25;19;11
7178I;Min;0.0;0.0;0.0;0.0;0.0;0.0;0.0;0.0;0.0;0.0;0.0;0.0;
7178I;Q1;0.0;0.0;0.0;0.0;0.0;0.0;0.0;0.0;0.0;0.0;0.0;0.0;
7178I;Q2;0.0;0.0;0.0;0.0;0.0;0.0;0.0;0.0;0.0;0.0;0.0;0.0;
7178I;Q3;0.0;0.0;0.0;0.0;0.0;0.0;0.0;0.0;0.0;0.0;0.0;0.0;
7178I;Q4;0.0;0.0;0.0;0.0;0.0;0.0;0.0;0.0;0.0;0.0;0.0;0.0;
7178I;Max;1.0;0.0;2.0;0.0;0.0;0.0;0.0;0.0;0.0;1.0;0.0;0.0;
7178I;Mn;0.0;0.0;0.0;0.0;0.0;0.0;0.0;0.0;0.0;0.0;0.0;0.0;
7178I;Md;0.1;0.0;0.1;0.0;0.0;0.0;0.0;0.0;0.0;0.0;0.0;0.0;
7178I;S;0.35;0.00;0.44;0.00;0.00;0.00;0.00;0.00;0.00;0.20;0.00;0.00;
7178I;Cv;2.58;-;4.58;-;-;-;-;-;-;4.90;-;-;
7228;N;23;24;20;22;23;21;21;26;19;25;22;22;10
7228;Min;0.0;0.0;0.0;0.0;0.0;0.0;0.0;0.0;0.0;0.0;0.0;0.0;
7228;Q1;0.0;0.0;0.0;0.0;0.0;0.0;0.0;0.0;0.0;0.0;0.0;0.0;
7228;Q2;0.0;0.0;0.0;0.0;0.0;0.0;0.0;0.0;0.0;0.0;0.0;0.0;
7228;Q3;0.0;0.0;0.0;0.0;0.0;0.0;0.0;0.0;0.0;0.0;0.0;0.0;
7228;Q4;0.0;0.0;0.0;0.0;0.0;0.0;0.0;0.0;0.0;0.0;0.0;0.0;
7228;Max;0.0;2.0;1.0;0.0;0.0;0.0;0.0;0.0;0.0;0.0;0.0;0.0;
7228;Mn;0.0;0.0;0.0;0.0;0.0;0.0;0.0;0.0;0.0;0.0;0.0;0.0;
7228;Md;0.0;0.1;0.1;0.0;0.0;0.0;0.0;0.0;0.0;0.0;0.0;0.0;
7228;S;0.00;0.41;0.22;0.00;0.00;0.00;0.00;0.00;0.00;0.00;0.00;0.00;
7228;Cv;-;4.90;4.47;-;-;-;-;-;-;-;-;-;
7031;N;26;28;28;26;29;27;26;28;26;27;23;27;15
7031;Min;0.0;0.0;0.0;0.0;0.0;0.0;0.0;0.0;0.0;0.0;0.0;0.0;0.0
7031;Q1;0.0;0.0;0.0;0.0;0.0;0.0;0.0;0.0;0.0;0.0;0.0;0.0;0.0
7031;Q2;0.0;0.0;0.0;0.0;0.0;0.0;0.0;0.0;0.0;0.0;0.0;0.0;0.0
7031;Q3;0.0;0.0;0.0;0.0;0.0;0.0;0.0;0.0;0.0;0.0;0.0;0.0;0.6
7031;Q4;0.6;0.0;1.0;0.0;0.0;0.0;0.0;0.0;0.0;0.0;0.0;0.0;2.0
7031;Max;2.0;1.0;2.0;0.0;0.0;1.0;0.0;0.0;0.0;1.0;1.0;1.0;2.0
7031;Mn;0.0;0.0;0.0;0.0;0.0;0.0;0.0;0.0;0.0;0.0;0.0;0.0;0.0
7031;Md;0.2;0.1;0.3;0.0;0.0;0.0;0.0;0.0;0.0;0.0;0.1;0.1;0.7
7031;S;0.51;0.36;0.60;0.00;0.00;0.19;0.00;0.00;0.00;0.19;0.29;0.32;0.90
7031;Cv;2.23;2.49;2.10;-;-;5.20;-;-;-;5.20;3.31;2.88;1.35
9262;N;0;0;0;0;0;0;0;0;0;0;0;0;0
9262;Min;;;;;;;;;;;;;
9262;Q1;;;;;;;;;;;;;
9262;Q2;;;;;;;;;;;;;
9262;Q3;;;;;;;;;;;;;
9262;Q4;;;;;;;;;;;;;
9262;Max;;;;;;;;;;;;;
9262;Mn;;;;;;;;;;;;;
9262;Md;;;;;;;;;;;;;
9262;S;;;;;;;;;;;;;
9262;Cv;;;;;;;;;;;;;
9263D;N;21;21;22;21;22;22;23;20;22;19;18;19;5
9263D;Min;0.0;0.0;0.0;0.0;0.0;0.0;0.0;0.0;0.0;0.0;0.0;0.0;
9263D;Q1;0.0;0.0;0.0;0.0;0.0;0.0;0.0;0.0;0.0;0.0;0.0;0.0;
9263D;Q2;0.0;0.0;0.0;0.0;0.0;0.0;0.0;0.0;0.0;0.0;0.0;0.0;
9263D;Q3;0.0;0.0;0.0;0.0;0.0;0.0;0.0;0.0;0.0;0.0;0.0;0.0;
9263D;Q4;0.0;0.6;0.0;0.0;0.0;0.0;0.0;0.0;0.0;0.0;0.0;0.0;
9263D;Max;0.0;1.0;0.0;1.0;1.0;1.0;1.0;1.0;0.0;1.0;2.0;0.0;
9263D;Mn;0.0;0.0;0.0;0.0;0.0;0.0;0.0;0.0;0.0;0.0;0.0;0.0;
9263D;Md;0.0;0.2;0.0;0.1;0.0;0.0;0.1;0.2;0.0;0.1;0.2;0.0;
9263D;S;0.00;0.40;0.00;0.30;0.21;0.21;0.29;0.37;0.00;0.23;0.51;0.00;
9263D;Cv;-;2.11;-;3.16;4.69;4.69;3.31;2.44;-;4.36;3.09;-;
1690A;N;20;18;21;21;20;20;21;18;21;17;21;19;4
1690A;Min;0.0;0.0;0.0;0.0;0.0;0.0;0.0;0.0;0.0;0.0;0.0;0.0;
1690A;Q1;0.0;0.0;0.0;0.0;0.0;0.0;0.0;0.0;0.0;0.0;0.0;0.0;
1690A;Q2;0.0;0.0;0.0;0.0;0.0;0.0;0.0;0.0;0.0;0.0;0.0;0.0;
1690A;Q3;0.0;0.0;0.0;0.0;0.0;0.0;0.0;0.0;0.0;0.0;0.0;0.0;
1690A;Q4;0.0;0.0;0.0;0.0;0.0;0.0;0.0;0.0;0.0;0.0;0.0;0.0;
1690A;Max;0.0;0.0;0.0;0.0;0.0;0.0;0.0;0.0;0.0;0.0;0.0;0.0;
1690A;Mn;0.0;0.0;0.0;0.0;0.0;0.0;0.0;0.0;0.0;0.0;0.0;0.0;
1690A;Md;0.0;0.0;0.0;0.0;0.0;0.0;0.0;0.0;0.0;0.0;0.0;0.0;
1690A;S;0.00;0.00;0.00;0.00;0.00;0.00;0.00;0.00;0.00;0.00;0.00;0.00;
1690A;Cv;-;-;-;-;-;-;-;-;-;-;-;-;
1484C;N;18;17;20;20;20;21;22;18;21;16;17;17;3
1484C;Min;0.0;0.0;0.0;0.0;0.0;0.0;0.0;0.0;0.0;0.0;0.0;0.0;
1484C;Q1;0.0;0.0;0.0;0.0;0.0;0.0;0.0;0.0;0.0;0.0;0.0;0.0;
1484C;Q2;0.0;0.0;0.0;0.0;0.0;0.0;0.0;0.0;0.0;0.0;0.0;0.0;
1484C;Q3;0.0;0.0;0.0;0.0;0.0;0.0;0.0;0.0;0.0;0.0;0.0;0.0;
1484C;Q4;0.0;0.0;0.0;0.0;0.0;0.0;0.0;0.0;0.0;0.0;0.0;0.0;
1484C;Max;1.0;0.0;0.0;0.0;0.0;0.0;0.0;0.0;0.0;0.0;0.0;2.0;
1484C;Mn;0.0;0.0;0.0;0.0;0.0;0.0;0.0;0.0;0.0;0.0;0.0;0.0;
1484C;Md;0.1;0.0;0.0;0.0;0.0;0.0;0.0;0.0;0.0;0.0;0.0;0.1;
1484C;S;0.24;0.00;0.00;0.00;0.00;0.00;0.00;0.00;0.00;0.00;0.00;0.49;
1484C;Cv;4.24;-;-;-;-;-;-;-;-;-;-;4.12;
1495;N;24;28;25;27;27;27;25;26;25;26;24;25;15
1495;Min;0.0;0.0;0.0;0.0;0.0;0.0;0.0;0.0;0.0;0.0;0.0;0.0;0.0
1495;Q1;0.0;0.0;0.0;0.0;0.0;0.0;0.0;0.0;0.0;0.0;0.0;0.0;1.0
1495;Q2;0.0;0.0;0.0;0.0;0.0;0.0;0.0;0.0;0.0;0.0;0.0;0.0;1.0
1495;Q3;0.0;0.0;0.0;0.0;0.0;0.0;0.0;0.0;0.0;0.0;0.0;0.0;1.0
1495;Q4;1.0;0.0;0.0;0.0;0.0;0.0;0.0;0.0;0.0;0.6;0.0;0.8;1.8
1495;Max;2.0;2.0;1.0;1.0;0.0;0.0;0.0;0.0;0.0;2.0;1.0;2.0;5.0
1495;Mn;0.0;0.0;0.0;0.0;0.0;0.0;0.0;0.0;0.0;0.0;0.0;0.0;1.0
1495;Md;0.3;0.1;0.0;0.1;0.0;0.0;0.0;0.0;0.0;0.2;0.1;0.2;1.3
1495;S;0.53;0.45;0.20;0.27;0.00;0.00;0.00;0.00;0.00;0.51;0.28;0.52;1.16
1495;Cv;2.13;3.14;5.00;3.60;-;-;-;-;-;2.23;3.39;2.18;0.92
2867;N;25;24;26;27;26;24;23;26;24;24;23;24;6
2867;Min;0.0;0.0;0.0;0.0;0.0;0.0;0.0;0.0;0.0;0.0;0.0;0.0;
2867;Q1;0.0;0.0;0.0;0.0;0.0;0.0;0.0;0.0;0.0;0.0;0.0;0.0;
2867;Q2;0.0;0.0;0.0;0.0;0.0;0.0;0.0;0.0;0.0;0.0;0.0;0.0;
2867;Q3;0.0;0.0;0.0;0.0;0.0;0.0;0.0;0.0;0.0;0.0;0.0;0.0;
2867;Q4;1.0;1.0;0.0;0.0;0.0;0.0;0.0;0.0;0.0;0.0;0.0;0.0;
2867;Max;2.0;2.0;1.0;2.0;0.0;1.0;0.0;1.0;0.0;1.0;1.0;2.0;
2867;Mn;0.0;0.0;0.0;0.0;0.0;0.0;0.0;0.0;0.0;0.0;0.0;0.0;
2867;Md;0.3;0.3;0.0;0.1;0.0;0.0;0.0;0.1;0.0;0.2;0.1;0.2;
2867;S;0.54;0.64;0.20;0.38;0.00;0.20;0.00;0.33;0.00;0.38;0.34;0.59;
2867;Cv;1.93;1.91;5.10;5.20;-;4.90;-;2.82;-;2.28;2.64;2.82;
2870;N;18;15;17;20;22;18;19;18;21;17;18;15;2
2870;Min;0.0;0.0;0.0;0.0;0.0;0.0;0.0;0.0;0.0;0.0;0.0;0.0;
2870;Q1;0.0;0.0;0.0;0.0;0.0;0.0;0.0;0.0;0.0;0.0;0.0;0.0;
2870;Q2;0.0;0.0;0.0;0.0;0.0;0.0;0.0;0.0;0.0;0.0;0.0;0.0;
2870;Q3;0.0;0.0;0.0;0.0;0.0;0.0;0.0;0.0;0.0;0.0;0.0;0.0;
2870;Q4;0.0;0.0;0.0;0.0;0.0;0.0;0.0;0.0;0.0;0.0;0.0;0.0;
2870;Max;1.0;1.0;0.0;0.0;0.0;0.0;0.0;0.0;3.0;0.0;0.0;1.0;
2870;Mn;0.0;0.0;0.0;0.0;0.0;0.0;0.0;0.0;0.0;0.0;0.0;0.0;
2870;Md;0.1;0.1;0.0;0.0;0.0;0.0;0.0;0.0;0.1;0.0;0.0;0.1;
2870;S;0.24;0.35;0.00;0.00;0.00;0.00;0.00;0.00;0.65;0.00;0.00;0.26;
2870;Cv;4.24;2.64;-;-;-;-;-;-;4.58;-;-;3.87;
C929I;N;20;19;21;21;22;22;18;18;20;17;22;21;6
C929I;Min;0.0;0.0;0.0;0.0;0.0;0.0;0.0;0.0;0.0;0.0;0.0;0.0;
C929I;Q1;0.0;0.0;0.0;0.0;0.0;0.0;0.0;0.0;0.0;0.0;0.0;0.0;
C929I;Q2;0.0;0.0;0.0;0.0;0.0;0.0;0.0;0.0;0.0;0.0;0.0;0.0;
C929I;Q3;0.0;0.0;0.0;0.0;0.0;0.0;0.0;0.0;0.0;0.0;0.0;0.0;
C929I;Q4;0.0;1.0;0.0;0.0;0.0;0.0;0.0;0.0;0.0;0.0;0.0;0.0;
C929I;Max;1.0;4.0;1.0;1.0;0.0;0.0;0.0;0.0;0.0;0.0;1.0;1.0;
C929I;Mn;0.0;0.0;0.0;0.0;0.0;0.0;0.0;0.0;0.0;0.0;0.0;0.0;
C929I;Md;0.1;0.6;0.0;0.0;0.0;0.0;0.0;0.0;0.0;0.0;0.1;0.0;
C929I;S;0.22;1.02;0.22;0.22;0.00;0.00;0.00;0.00;0.00;0.00;0.35;0.22;
C929I;Cv;4.47;1.76;4.58;4.58;-;-;-;-;-;-;2.58;4.58;
C430E;N;14;17;13;15;20;17;18;17;15;19;16;11;3
C430E;Min;;0.0;;0.0;0.0;0.0;0.0;0.0;0.0;0.0;0.0;;
C430E;Q1;;0.0;;0.2;0.0;0.0;0.0;0.0;0.0;0.0;0.0;;
C430E;Q2;;1.2;;1.0;0.0;0.0;0.0;0.0;0.0;1.0;1.8;;
C430E;Q3;;3.0;;2.0;1.0;0.0;0.0;0.0;0.0;2.0;3.0;;
C430E;Q4;;5.0;;3.0;2.0;1.0;1.0;0.4;1.0;3.0;5.0;;
C430E;Max;;7.0;;5.0;2.0;3.0;1.0;1.0;3.0;3.0;7.0;;
C430E;Mn;;3.0;;1.0;0.5;0.0;0.0;0.0;0.0;2.0;2.0;;
C430E;Md;;2.6;;1.7;0.8;0.4;0.2;0.2;0.5;1.5;2.5;;
C430E;S;;2.32;;1.40;0.85;0.80;0.43;0.39;0.92;1.12;2.19;;
C430E;Cv;;0.90;;0.84;1.13;1.93;1.93;2.23;1.72;0.74;0.88;;
C139E;N;27;27;28;27;26;30;25;30;28;25;28;23;16
C139E;Min;0.0;0.0;0.0;0.0;0.0;0.0;0.0;0.0;0.0;0.0;0.0;0.0;0.0
C139E;Q1;0.0;0.0;0.0;0.0;0.0;0.0;0.0;0.0;0.0;0.0;0.0;0.0;1.0
C139E;Q2;0.0;0.0;0.0;0.0;0.0;0.0;0.0;0.0;0.0;0.0;0.0;0.0;2.0
C139E;Q3;0.0;0.0;0.0;0.0;0.0;0.0;0.0;0.0;0.0;0.0;0.0;1.0;3.0
C139E;Q4;0.0;1.0;1.0;0.4;0.0;0.0;0.0;0.0;0.0;0.0;1.0;1.2;3.6
C139E;Max;2.0;3.0;2.0;2.0;1.0;0.0;0.0;0.0;0.0;1.0;3.0;5.0;7.0
C139E;Mn;0.0;0.0;0.0;0.0;0.0;0.0;0.0;0.0;0.0;0.0;0.0;0.0;2.0
C139E;Md;0.2;0.4;0.4;0.3;0.0;0.0;0.0;0.0;0.0;0.0;0.3;0.8;2.6
C139E;S;0.48;0.89;0.74;0.67;0.20;0.00;0.00;0.00;0.00;0.20;0.66;1.17;1.90
C139E;Cv;2.61;2.18;1.88;2.26;5.10;-;-;-;-;5.00;2.31;1.49;0.74
C449C;N;25;26;22;28;26;25;27;25;25;25;29;26;14
C449C;Min;0.0;0.0;0.0;0.0;0.0;0.0;0.0;0.0;0.0;0.0;0.0;0.0;
C449C;Q1;0.0;0.0;0.0;0.0;0.0;0.0;0.0;0.0;0.0;0.0;0.0;0.0;
C449C;Q2;0.0;0.0;0.0;0.0;0.0;0.0;0.0;0.0;0.0;0.0;0.0;0.0;
C449C;Q3;0.0;0.0;0.0;0.0;0.0;0.0;0.0;0.0;0.0;0.0;0.0;0.0;
C449C;Q4;0.0;0.0;0.0;0.0;0.0;0.0;0.0;0.0;0.0;0.0;0.0;0.0;
C449C;Max;1.0;2.0;0.0;0.0;0.0;0.0;0.0;0.0;0.0;0.0;0.0;1.0;
C449C;Mn;0.0;0.0;0.0;0.0;0.0;0.0;0.0;0.0;0.0;0.0;0.0;0.0;
C449C;Md;0.0;0.1;0.0;0.0;0.0;0.0;0.0;0.0;0.0;0.0;0.0;0.1;
C449C;S;0.20;0.39;0.00;0.00;0.00;0.00;0.00;0.00;0.00;0.00;0.00;0.27;
C449C;Cv;5.00;5.10;-;-;-;-;-;-;-;-;-;3.53;
C447A;N;22;24;22;22;26;24;25;22;21;24;24;21;9
C447A;Min;0.0;0.0;0.0;0.0;0.0;0.0;0.0;0.0;0.0;0.0;0.0;0.0;
C447A;Q1;0.0;0.0;0.0;0.0;0.0;0.0;0.0;0.0;0.0;0.0;0.0;0.0;
C447A;Q2;0.0;0.0;0.0;0.0;0.0;0.0;0.0;0.0;0.0;0.0;0.0;0.0;
C447A;Q3;0.0;0.0;0.0;0.0;0.0;0.0;0.0;0.0;0.0;0.0;0.0;0.0;
C447A;Q4;0.0;0.0;0.0;0.0;0.0;0.0;0.0;0.0;0.0;0.0;0.0;0.0;
C447A;Max;2.0;3.0;1.0;0.0;0.0;0.0;0.0;0.0;0.0;0.0;1.0;1.0;
C447A;Mn;0.0;0.0;0.0;0.0;0.0;0.0;0.0;0.0;0.0;0.0;0.0;0.0;
C447A;Md;0.1;0.2;0.1;0.0;0.0;0.0;0.0;0.0;0.0;0.0;0.1;0.0;
C447A;S;0.47;0.66;0.29;0.00;0.00;0.00;0.00;0.00;0.00;0.00;0.28;0.22;
C447A;Cv;3.43;3.16;3.24;-;-;-;-;-;-;-;3.39;4.58;
C429I;N;22;26;25;25;27;26;25;26;25;25;26;25;15
C429I;Min;0.0;0.0;0.0;0.0;0.0;0.0;0.0;0.0;0.0;0.0;0.0;0.0;0.0
C429I;Q1;0.0;0.0;0.0;0.0;0.0;0.0;0.0;0.0;0.0;0.0;0.0;0.0;0.0
C429I;Q2;0.0;0.0;0.0;0.0;0.0;0.0;0.0;0.0;0.0;0.0;0.0;0.0;0.0
C429I;Q3;0.0;0.0;0.0;0.0;0.0;0.0;0.0;0.0;0.0;0.0;0.0;0.0;0.6
C429I;Q4;0.0;0.0;0.0;0.0;0.0;0.0;0.0;0.0;0.0;0.0;0.0;0.0;1.0
C429I;Max;0.0;2.0;1.0;1.0;0.0;1.0;1.0;1.0;0.0;0.0;1.0;1.0;2.0
C429I;Mn;0.0;0.0;0.0;0.0;0.0;0.0;0.0;0.0;0.0;0.0;0.0;0.0;0.0
C429I;Md;0.0;0.2;0.0;0.0;0.0;0.0;0.0;0.1;0.0;0.0;0.0;0.1;0.5
C429I;S;0.00;0.46;0.20;0.20;0.00;0.20;0.20;0.27;0.00;0.00;0.20;0.28;0.74
C429I;Cv;-;3.02;5.00;5.00;-;5.10;5.00;3.53;-;-;5.10;3.46;1.39
2465;N;18;18;18;18;18;17;16;15;19;19;18;17;6
2465;Min;0.0;0.0;0.0;0.0;0.0;0.0;0.0;0.0;0.0;0.0;0.0;0.0;
2465;Q1;0.0;0.0;0.0;0.0;0.0;0.0;0.0;0.0;0.0;0.0;0.0;0.0;
2465;Q2;0.0;0.0;0.0;0.0;0.0;0.0;0.0;0.0;0.0;0.0;0.0;0.0;
2465;Q3;0.0;0.0;0.0;0.0;0.0;0.0;0.0;0.0;0.0;0.0;0.0;0.0;
2465;Q4;0.2;0.0;0.0;0.0;0.0;0.0;0.0;0.0;0.0;0.0;0.0;0.4;
2465;Max;2.0;2.0;1.0;1.0;0.0;0.0;0.0;0.0;0.0;1.0;1.0;3.0;
2465;Mn;0.0;0.0;0.0;0.0;0.0;0.0;0.0;0.0;0.0;0.0;0.0;0.0;
2465;Md;0.2;0.2;0.1;0.1;0.0;0.0;0.0;0.0;0.0;0.1;0.1;0.3;
2465;S;0.55;0.51;0.32;0.24;0.00;0.00;0.00;0.00;0.00;0.32;0.24;0.77;
2465;Cv;2.47;3.09;2.91;4.24;-;-;-;-;-;3.00;4.24;2.62;
5796;N;11;18;15;18;18;16;17;14;15;18;20;16;4
5796;Min;;0.0;0.0;0.0;0.0;0.0;0.0;;0.0;0.0;0.0;0.0;
5796;Q1;;0.0;0.0;0.0;0.0;0.0;0.0;;0.0;0.0;0.0;0.0;
5796;Q2;;0.0;0.0;0.0;0.0;0.0;0.0;;0.0;0.0;0.0;0.0;
5796;Q3;;0.0;0.0;0.0;0.0;0.0;0.0;;0.0;0.0;0.0;0.0;
5796;Q4;;0.2;0.0;0.2;0.0;0.0;0.0;;0.0;0.2;0.0;2.8;
5796;Max;;3.0;0.0;2.0;1.0;0.0;0.0;;0.0;1.0;2.0;5.0;
5796;Mn;;0.0;0.0;0.0;0.0;0.0;0.0;;0.0;0.0;0.0;0.0;
5796;Md;;0.3;0.0;0.2;0.1;0.0;0.0;;0.0;0.2;0.3;0.9;
5796;S;;0.75;0.00;0.55;0.32;0.00;0.00;;0.00;0.38;0.64;1.73;
5796;Cv;;2.71;-;2.47;2.91;-;-;;-;2.30;2.55;1.85;
5783;N;15;16;21;21;25;21;18;17;26;17;22;16;3
5783;Min;0.0;0.0;0.0;0.0;0.0;0.0;0.0;0.0;0.0;0.0;0.0;0.0;
5783;Q1;0.0;0.0;0.0;0.0;0.0;0.0;0.0;0.0;0.0;0.0;0.0;0.0;
5783;Q2;0.0;0.0;0.0;0.0;0.0;0.0;0.0;0.0;0.0;0.0;0.0;0.0;
5783;Q3;0.0;0.0;0.0;0.0;0.0;0.0;0.0;0.0;0.0;0.0;0.0;0.0;
5783;Q4;0.0;0.0;0.0;0.0;0.0;0.0;0.0;0.0;0.0;0.0;0.0;0.6;
5783;Max;2.0;1.0;0.0;0.0;0.0;0.0;0.0;0.0;0.0;1.0;2.0;2.0;
5783;Mn;0.0;0.0;0.0;0.0;0.0;0.0;0.0;0.0;0.0;0.0;0.0;0.0;
5783;Md;0.2;0.1;0.0;0.0;0.0;0.0;0.0;0.0;0.0;0.1;0.1;0.3;
5783;S;0.56;0.25;0.00;0.00;0.00;0.00;0.00;0.00;0.00;0.24;0.47;0.58;
5783;Cv;2.80;4.00;-;-;-;-;-;-;-;4.12;3.43;2.31;
2030;N;23;22;24;28;26;24;27;23;24;21;21;21;7
2030;Min;0.0;0.0;0.0;0.0;0.0;0.0;0.0;0.0;0.0;0.0;0.0;0.0;
2030;Q1;0.0;0.0;0.0;0.0;0.0;0.0;0.0;0.0;0.0;0.0;0.0;0.0;
2030;Q2;0.0;0.0;0.0;0.0;0.0;0.0;0.0;0.0;0.0;0.0;0.0;0.0;
2030;Q3;0.0;0.0;0.0;0.0;0.0;0.0;0.0;0.0;0.0;0.0;0.0;0.0;
2030;Q4;0.0;0.0;0.0;0.0;0.0;0.0;0.0;0.0;0.0;0.0;0.0;0.0;
2030;Max;1.0;1.0;0.0;0.0;0.0;0.0;1.0;1.0;0.0;0.0;1.0;1.0;
2030;Mn;0.0;0.0;0.0;0.0;0.0;0.0;0.0;0.0;0.0;0.0;0.0;0.0;
2030;Md;0.0;0.0;0.0;0.0;0.0;0.0;0.0;0.0;0.0;0.0;0.0;0.1;
2030;S;0.21;0.21;0.00;0.00;0.00;0.00;0.19;0.21;0.00;0.00;0.22;0.30;
2030;Cv;4.80;4.69;-;-;-;-;5.20;4.80;-;-;4.58;3.16;
0016A;N;17;16;20;16;8;12;16;9;10;16;17;14;3
0016A;Min;0.0;0.0;0.0;0.0;;;0.0;;;0.0;0.0;;
0016A;Q1;0.0;0.0;0.0;0.0;;;0.0;;;0.0;0.0;;
0016A;Q2;0.0;0.0;0.0;0.0;;;0.0;;;0.0;0.0;;
0016A;Q3;0.0;1.0;0.0;0.0;;;0.0;;;0.0;0.0;;
0016A;Q4;1.0;1.0;1.0;0.0;;;0.0;;;0.0;0.0;;
0016A;Max;1.0;2.0;2.0;1.0;;;0.0;;;0.0;2.0;;
0016A;Mn;0.0;0.0;0.0;0.0;;;0.0;;;0.0;0.0;;
0016A;Md;0.2;0.5;0.4;0.1;;;0.0;;;0.0;0.2;;
0016A;S;0.44;0.63;0.75;0.34;;;0.00;;;0.00;0.53;;
0016A;Cv;1.86;1.26;1.88;2.73;;;-;;;-;3.00;;
9981A;N;24;27;27;25;29;27;29;27;28;25;26;27;16
9981A;Min;0.0;0.0;0.0;0.0;0.0;0.0;0.0;0.0;0.0;0.0;0.0;0.0;2.0
9981A;Q1;0.0;0.0;0.0;0.0;0.0;0.0;0.0;0.0;0.0;0.0;0.0;0.0;4.4
9981A;Q2;0.0;1.0;0.0;0.0;0.0;0.0;0.0;0.0;0.0;0.0;0.0;0.2;6.0
9981A;Q3;1.0;2.0;1.0;0.6;0.0;0.0;0.0;0.0;0.0;0.0;0.2;2.0;7.2
9981A;Q4;2.0;3.0;3.4;2.0;1.0;0.0;0.0;0.0;0.2;1.8;2.0;3.0;10.6
9981A;Max;4.0;4.0;6.0;4.0;2.0;2.0;1.0;2.0;2.0;2.0;4.0;6.0;14.0
9981A;Mn;1.0;2.0;1.0;0.0;0.0;0.0;0.0;0.0;0.0;0.0;0.0;1.0;7.0
9981A;Md;1.2;1.7;1.4;0.8;0.3;0.1;0.1;0.2;0.3;0.6;0.7;1.6;7.3
9981A;S;1.46;1.33;1.76;1.15;0.59;0.42;0.31;0.48;0.59;0.82;1.12;1.69;3.36
9981A;Cv;1.26;0.80;1.25;1.44;2.14;3.81;3.00;2.61;2.34;1.47;1.53;1.06;0.46
9381I;N;11;11;11;11;10;9;10;8;11;10;9;10;2
9381I;Min;;;;;;;;;;;;;
9381I;Q1;;;;;;;;;;;;;
9381I;Q2;;;;;;;;;;;;;
9381I;Q3;;;;;;;;;;;;;
9381I;Q4;;;;;;;;;;;;;
9381I;Max;;;;;;;;;;;;;
9381I;Mn;;;;;;;;;;;;;
9381I;Md;;;;;;;;;;;;;
9381I;S;;;;;;;;;;;;;
9381I;Cv;;;;;;;;;;;;;
8368U;N;16;17;15;14;16;15;15;12;17;14;16;17;2
8368U;Min;0.0;0.0;0.0;;0.0;0.0;0.0;;0.0;;0.0;0.0;
8368U;Q1;0.0;0.0;0.0;;0.0;0.0;0.0;;0.0;;0.0;0.0;
8368U;Q2;0.0;0.0;0.0;;0.0;0.0;0.0;;0.0;;0.0;0.0;
8368U;Q3;0.0;0.0;0.0;;0.0;0.0;0.0;;0.0;;0.0;0.0;
8368U;Q4;0.0;0.0;0.0;;0.0;0.0;0.0;;0.0;;0.0;0.0;
8368U;Max;0.0;0.0;0.0;;0.0;1.0;1.0;;0.0;;0.0;1.0;
8368U;Mn;0.0;0.0;0.0;;0.0;0.0;0.0;;0.0;;0.0;0.0;
8368U;Md;0.0;0.0;0.0;;0.0;0.1;0.1;;0.0;;0.0;0.1;
8368U;S;0.00;0.00;0.00;;0.00;0.26;0.35;;0.00;;0.00;0.24;
8368U;Cv;-;-;-;;-;3.87;2.64;;-;;-;4.12;
3260B;N;27;26;28;27;28;27;29;29;27;29;28;27;20
3260B;Min;0.0;0.0;0.0;0.0;0.0;0.0;0.0;0.0;0.0;0.0;0.0;0.0;0.0
3260B;Q1;0.0;0.0;0.0;0.0;0.0;0.0;0.0;0.0;0.0;0.0;0.0;0.0;0.0
3260B;Q2;0.0;0.0;0.0;0.0;0.0;0.0;0.0;0.0;0.0;0.0;0.0;0.0;0.4
3260B;Q3;0.0;0.0;0.0;0.0;0.0;0.0;0.0;0.0;0.0;0.0;0.0;0.0;1.0
3260B;Q4;0.0;0.0;0.0;0.0;0.0;0.0;0.0;0.0;0.0;0.0;0.0;0.0;2.0
3260B;Max;2.0;2.0;2.0;1.0;0.0;0.0;1.0;1.0;0.0;1.0;1.0;1.0;3.0
3260B;Mn;0.0;0.0;0.0;0.0;0.0;0.0;0.0;0.0;0.0;0.0;0.0;0.0;1.0
3260B;Md;0.2;0.2;0.1;0.0;0.0;0.0;0.0;0.0;0.0;0.1;0.1;0.1;1.0
3260B;S;0.48;0.46;0.45;0.19;0.00;0.00;0.19;0.19;0.00;0.35;0.26;0.27;1.00
3260B;Cv;2.61;3.02;3.14;5.20;-;-;5.39;5.39;-;2.54;3.67;3.60;1.05
8416;N;24;25;25;28;27;27;26;24;22;23;26;22;8
8416;Min;0.0;0.0;0.0;0.0;0.0;0.0;0.0;0.0;0.0;0.0;0.0;0.0;
8416;Q1;0.0;0.0;0.0;0.0;0.0;0.0;0.0;0.0;0.0;0.0;0.0;0.0;
8416;Q2;0.0;0.0;0.0;0.0;0.0;0.0;0.0;0.0;0.0;0.0;0.0;0.0;
8416;Q3;0.0;0.0;0.0;0.0;0.0;0.0;0.0;0.0;0.0;0.0;0.0;0.0;
8416;Q4;0.0;0.0;0.0;0.0;0.0;0.0;0.0;0.0;0.0;0.0;0.0;0.0;
8416;Max;1.0;2.0;1.0;0.0;0.0;0.0;0.0;0.0;0.0;0.0;0.0;0.0;
8416;Mn;0.0;0.0;0.0;0.0;0.0;0.0;0.0;0.0;0.0;0.0;0.0;0.0;
8416;Md;0.1;0.1;0.0;0.0;0.0;0.0;0.0;0.0;0.0;0.0;0.0;0.0;
8416;S;0.28;0.40;0.20;0.00;0.00;0.00;0.00;0.00;0.00;0.00;0.00;0.00;
8416;Cv;3.39;5.00;5.00;-;-;-;-;-;-;-;-;-;
8414A;N;30;27;26;30;28;25;28;28;28;25;25;27;20
8414A;Min;0.0;0.0;0.0;0.0;0.0;0.0;0.0;0.0;0.0;0.0;0.0;0.0;0.0
8414A;Q1;0.0;0.0;0.0;0.0;0.0;0.0;0.0;0.0;0.0;0.0;0.0;0.0;0.0
8414A;Q2;0.0;0.0;0.0;0.0;0.0;0.0;0.0;0.0;0.0;0.0;0.0;0.0;0.0
8414A;Q3;0.0;0.0;0.0;0.0;0.0;0.0;0.0;0.0;0.0;0.0;0.0;0.0;2.0
8414A;Q4;1.0;0.0;1.0;0.8;0.0;0.0;0.0;0.0;0.0;0.8;0.0;0.4;10.8
8414A;Max;5.0;6.0;3.0;2.0;2.0;1.0;1.0;1.0;1.0;2.0;3.0;13.0;21.0
8414A;Mn;0.0;0.0;0.0;0.0;0.0;0.0;0.0;0.0;0.0;0.0;0.0;0.0;1.0
8414A;Md;0.6;0.5;0.5;0.3;0.2;0.0;0.0;0.1;0.1;0.3;0.2;0.8;4.1
8414A;S;1.16;1.34;0.91;0.65;0.57;0.20;0.19;0.26;0.26;0.61;0.62;2.59;6.43
8414A;Cv;1.94;2.78;1.81;2.17;2.65;5.00;5.29;3.67;3.67;2.19;3.90;3.33;1.59
2422;N;15;20;22;20;16;16;20;17;17;23;23;16;2
2422;Min;0.0;0.0;0.0;0.0;0.0;0.0;0.0;0.0;0.0;0.0;0.0;0.0;
2422;Q1;0.0;0.0;0.0;0.0;0.0;0.0;0.0;0.0;0.0;0.0;0.0;0.0;
2422;Q2;0.0;0.0;0.0;0.0;0.0;0.0;0.0;0.0;0.0;0.0;0.0;0.0;
2422;Q3;0.0;0.0;0.0;0.0;0.0;0.0;0.0;0.0;0.0;0.0;0.0;0.0;
2422;Q4;0.0;0.0;0.0;0.0;0.0;0.0;0.0;0.0;0.0;0.0;0.0;0.0;
2422;Max;1.0;1.0;0.0;0.0;0.0;0.0;0.0;0.0;0.0;1.0;1.0;1.0;
2422;Mn;0.0;0.0;0.0;0.0;0.0;0.0;0.0;0.0;0.0;0.0;0.0;0.0;
2422;Md;0.1;0.1;0.0;0.0;0.0;0.0;0.0;0.0;0.0;0.1;0.1;0.1;
2422;S;0.35;0.31;0.00;0.00;0.00;0.00;0.00;0.00;0.00;0.29;0.29;0.25;
2422;Cv;2.64;3.08;-;-;-;-;-;-;-;3.31;3.31;4.00;
2539;N;24;23;25;23;22;20;21;23;21;22;18;16;6
2539;Min;0.0;0.0;0.0;0.0;0.0;0.0;0.0;0.0;0.0;0.0;0.0;0.0;
2539;Q1;0.0;0.0;0.0;0.0;0.0;0.0;0.0;0.0;0.0;0.0;0.0;0.0;
2539;Q2;0.0;0.0;0.0;0.0;0.0;0.0;0.0;0.0;0.0;0.0;0.0;0.0;
2539;Q3;0.0;0.0;0.0;0.0;0.0;0.0;0.0;0.0;0.0;0.0;0.0;0.0;
2539;Q4;0.0;0.2;0.0;0.0;0.0;0.0;0.0;0.0;0.0;0.0;0.0;0.0;
2539;Max;0.0;2.0;0.0;0.0;0.0;1.0;1.0;0.0;0.0;1.0;1.0;1.0;
2539;Mn;0.0;0.0;0.0;0.0;0.0;0.0;0.0;0.0;0.0;0.0;0.0;0.0;
2539;Md;0.0;0.2;0.0;0.0;0.0;0.1;0.0;0.0;0.0;0.1;0.1;0.1;
2539;S;0.00;0.52;0.00;0.00;0.00;0.22;0.22;0.00;0.00;0.29;0.24;0.34;
2539;Cv;-;2.38;-;-;-;4.47;4.58;-;-;3.24;4.24;2.73;
2614;N;26;26;27;27;28;28;29;26;27;26;24;23;16
2614;Min;0.0;0.0;0.0;0.0;0.0;0.0;0.0;0.0;0.0;0.0;0.0;0.0;0.0
2614;Q1;0.0;0.0;0.0;0.0;0.0;0.0;0.0;0.0;0.0;0.0;0.0;0.0;0.0
2614;Q2;0.0;0.0;0.0;0.0;0.0;0.0;0.0;0.0;0.0;0.0;0.0;0.0;0.0
2614;Q3;0.0;0.0;0.0;0.0;0.0;0.0;0.0;0.0;0.0;0.0;0.0;0.0;0.0
2614;Q4;0.0;0.0;0.0;0.0;0.0;0.0;0.0;0.0;0.0;0.0;0.0;0.0;0.0
2614;Max;0.0;0.0;0.0;0.0;0.0;0.0;0.0;0.0;0.0;0.0;1.0;1.0;1.0
2614;Mn;0.0;0.0;0.0;0.0;0.0;0.0;0.0;0.0;0.0;0.0;0.0;0.0;0.0
2614;Md;0.0;0.0;0.0;0.0;0.0;0.0;0.0;0.0;0.0;0.0;0.0;0.0;0.1
2614;S;0.00;0.00;0.00;0.00;0.00;0.00;0.00;0.00;0.00;0.00;0.20;0.21;0.25
2614;Cv;-;-;-;-;-;-;-;-;-;-;4.90;4.80;4.00
9390;N;10;10;11;12;12;9;10;11;11;13;13;11;3
9390;Min;;;;;;;;;;;;;
9390;Q1;;;;;;;;;;;;;
9390;Q2;;;;;;;;;;;;;
9390;Q3;;;;;;;;;;;;;
9390;Q4;;;;;;;;;;;;;
9390;Max;;;;;;;;;;;;;
9390;Mn;;;;;;;;;;;;;
9390;Md;;;;;;;;;;;;;
9390;S;;;;;;;;;;;;;
9390;Cv;;;;;;;;;;;;;
9434;N;22;25;23;23;22;24;22;20;23;22;23;21;3
9434;Min;0.0;0.0;0.0;0.0;0.0;0.0;0.0;0.0;0.0;0.0;0.0;0.0;
9434;Q1;0.0;0.0;0.0;0.0;0.0;0.0;0.0;0.0;0.0;0.0;0.0;0.0;
9434;Q2;0.0;0.0;0.0;0.0;0.0;0.0;0.0;0.0;0.0;0.0;0.0;0.0;
9434;Q3;0.0;0.0;0.0;0.0;0.0;0.0;0.0;0.0;0.0;0.0;0.0;0.0;
9434;Q4;0.4;0.8;0.0;0.0;0.4;0.0;0.4;0.0;0.0;0.0;0.0;0.0;
9434;Max;6.0;1.0;1.0;1.0;1.0;2.0;2.0;0.0;1.0;2.0;1.0;3.0;
9434;Mn;0.0;0.0;0.0;0.0;0.0;0.0;0.0;0.0;0.0;0.0;0.0;0.0;
9434;Md;0.5;0.2;0.1;0.1;0.2;0.2;0.3;0.0;0.0;0.1;0.0;0.2;
9434;S;1.50;0.41;0.34;0.29;0.39;0.48;0.63;0.00;0.21;0.43;0.21;0.70;
9434;Cv;2.76;2.04;2.64;3.31;2.17;2.89;2.31;-;4.80;4.69;4.80;2.94;
