Indicativo;par√°metro;enero;febrero;marzo;abril;mayo;junio;julio;agosto;septiembre;octubre;noviembre;diciembre;anual
1387;N;30;30;30;30;30;30;30;30;30;30;30;30;30
1387;Min;0.0;0.0;0.0;0.0;0.0;0.0;0.0;0.0;0.0;0.0;0.0;0.0;0.0
1387;Q1;0.0;0.0;0.0;0.0;0.0;0.0;0.0;0.0;0.0;0.0;0.0;0.0;1.2
1387;Q2;0.0;0.0;0.0;0.0;0.0;0.0;0.0;0.0;0.0;0.0;0.0;0.0;2.0
1387;Q3;0.0;0.0;0.0;0.0;0.0;0.0;0.0;0.0;0.0;1.0;0.0;0.6;3.0
1387;Q4;1.0;0.0;0.0;0.0;0.0;0.0;0.0;0.0;0.0;2.0;1.0;1.0;5.0
1387;Max;1.0;2.0;1.0;1.0;1.0;1.0;1.0;1.0;1.0;5.0;4.0;2.0;10.0
1387;Mn;0.0;0.0;0.0;0.0;0.0;0.0;0.0;0.0;0.0;0.0;0.0;0.0;3.0
1387;Md;0.2;0.1;0.1;0.1;0.1;0.1;0.2;0.1;0.2;0.8;0.5;0.5;3.0
1387;S;0.43;0.43;0.35;0.25;0.31;0.35;0.38;0.31;0.38;1.19;0.90;0.68;2.17
1387;Cv;1.84;3.26;2.59;3.81;3.05;2.59;2.27;3.05;2.27;1.48;1.80;1.36;0.72
1387E;N;30;30;30;30;30;30;30;29;29;29;29;29;28
1387E;Min;0.0;0.0;0.0;0.0;0.0;0.0;0.0;0.0;0.0;0.0;0.0;0.0;1.0
1387E;Q1;0.0;0.0;0.0;0.0;0.0;0.0;0.0;0.0;0.0;0.0;0.0;0.0;2.0
1387E;Q2;0.0;0.0;0.0;0.0;0.0;0.0;0.0;0.0;0.0;0.0;0.0;0.0;3.0
1387E;Q3;0.0;0.0;0.0;0.0;0.0;0.0;0.0;0.0;0.0;1.0;0.0;1.0;3.4
1387E;Q4;1.0;1.0;0.8;0.0;0.0;0.0;0.0;0.0;1.0;1.0;1.0;1.0;5.0
1387E;Max;3.0;2.0;1.0;1.0;2.0;1.0;1.0;1.0;2.0;4.0;3.0;2.0;11.0
1387E;Mn;0.0;0.0;0.0;0.0;0.0;0.0;0.0;0.0;0.0;0.0;0.0;0.0;3.0
1387E;Md;0.4;0.3;0.2;0.1;0.2;0.1;0.1;0.1;0.3;0.7;0.6;0.6;3.7
1387E;S;0.82;0.53;0.41;0.25;0.48;0.25;0.25;0.31;0.67;1.04;0.83;0.74;2.37
1387E;Cv;1.89;1.78;2.03;3.81;2.42;3.81;3.81;3.00;1.94;1.51;1.50;1.33;0.65
1428;N;30;30;30;30;30;30;30;30;30;30;30;30;30
1428;Min;0.0;0.0;0.0;0.0;0.0;0.0;0.0;0.0;0.0;0.0;0.0;0.0;4.0
1428;Q1;0.0;0.0;0.0;0.0;0.0;0.0;0.0;0.0;0.0;0.0;0.0;0.0;11.0
1428;Q2;1.0;0.4;0.0;0.0;0.0;0.0;0.0;0.0;0.0;1.0;1.0;1.4;12.0
1428;Q3;1.6;2.0;1.0;0.0;1.0;0.0;0.0;0.0;0.0;2.0;3.0;3.0;15.0
1428;Q4;4.0;2.0;2.0;1.0;1.0;1.0;0.0;1.0;1.8;4.8;3.8;5.8;19.0
1428;Max;5.0;5.0;7.0;4.0;4.0;2.0;2.0;2.0;3.0;7.0;6.0;8.0;21.0
1428;Mn;1.0;1.0;0.5;0.0;1.0;0.0;0.0;0.0;0.0;1.0;2.0;2.0;14.0
1428;Md;1.7;1.3;1.1;0.6;0.8;0.4;0.2;0.4;0.7;2.1;2.0;2.8;14.1
1428;S;1.70;1.40;1.55;1.01;0.97;0.62;0.46;0.72;1.09;2.10;1.77;2.49;4.09
1428;Cv;0.98;1.05;1.46;1.78;1.27;1.55;2.77;1.81;1.55;0.98;0.87;0.90;0.29
8175;N;30;30;30;30;30;30;29;30;30;30;30;30;29
8175;Min;0.0;0.0;0.0;0.0;0.0;0.0;0.0;0.0;0.0;0.0;0.0;0.0;0.0
8175;Q1;0.0;0.0;0.0;0.0;0.0;0.0;0.0;0.0;0.0;0.0;0.0;0.0;0.0
8175;Q2;0.0;0.0;0.0;0.0;0.0;0.0;0.0;0.0;0.0;0.0;0.0;0.0;0.0
8175;Q3;0.0;0.0;0.0;0.0;0.0;0.0;0.0;0.0;0.0;0.0;0.0;0.0;1.0
8175;Q4;0.0;0.0;0.0;0.0;0.0;0.0;0.0;0.0;0.8;0.0;0.0;0.0;2.0
8175;Max;0.0;1.0;0.0;1.0;1.0;2.0;1.0;1.0;2.0;2.0;1.0;0.0;4.0
8175;Mn;0.0;0.0;0.0;0.0;0.0;0.0;0.0;0.0;0.0;0.0;0.0;0.0;1.0
8175;Md;0.0;0.1;0.0;0.1;0.2;0.2;0.0;0.0;0.2;0.2;0.0;0.0;1.0
8175;S;0.00;0.25;0.00;0.25;0.38;0.46;0.19;0.18;0.50;0.57;0.18;0.00;1.15
8175;Cv;-;3.81;-;3.81;2.27;2.77;5.39;5.48;2.16;2.44;5.48;-;1.11
8178D;N;28;28;28;28;28;27;28;28;28;28;28;27;26
8178D;Min;0.0;0.0;0.0;0.0;0.0;0.0;0.0;0.0;0.0;0.0;0.0;0.0;0.0
8178D;Q1;0.0;0.0;0.0;0.0;0.0;0.0;0.0;0.0;0.0;0.0;0.0;0.0;0.0
8178D;Q2;0.0;0.0;0.0;0.0;0.0;0.0;0.0;0.0;0.0;0.0;0.0;0.0;0.8
8178D;Q3;0.0;0.0;0.0;0.0;0.0;0.0;0.0;0.0;0.0;0.0;0.0;0.0;1.0
8178D;Q4;0.0;0.0;0.0;0.0;0.0;0.0;0.0;0.0;1.0;0.0;0.0;0.0;2.0
8178D;Max;1.0;1.0;0.0;1.0;1.0;2.0;1.0;1.0;1.0;1.0;1.0;1.0;4.0
8178D;Mn;0.0;0.0;0.0;0.0;0.0;0.0;0.0;0.0;0.0;0.0;0.0;0.0;1.0
8178D;Md;0.0;0.0;0.0;0.1;0.1;0.2;0.0;0.0;0.2;0.1;0.0;0.0;1.0
8178D;S;0.19;0.19;0.00;0.31;0.31;0.48;0.19;0.19;0.42;0.31;0.19;0.19;1.04
8178D;Cv;5.29;5.29;-;2.94;2.94;2.61;5.29;5.29;1.95;2.94;5.29;5.20;1.08
8025;N;30;30;30;30;30;30;30;30;30;30;30;30;30
8025;Min;0.0;0.0;0.0;0.0;0.0;0.0;0.0;0.0;0.0;0.0;0.0;0.0;0.0
8025;Q1;0.0;0.0;0.0;0.0;0.0;0.0;0.0;0.0;0.0;0.0;0.0;0.0;0.0
8025;Q2;0.0;0.0;0.0;0.0;0.0;0.0;0.0;0.0;0.0;0.0;0.0;0.0;1.0
8025;Q3;0.0;0.0;0.0;0.0;0.0;0.0;0.0;0.0;0.0;0.0;0.0;0.0;1.0
8025;Q4;0.0;0.0;0.0;0.0;0.0;0.0;0.0;0.0;0.8;1.0;0.0;0.0;3.0
8025;Max;1.0;2.0;1.0;1.0;2.0;1.0;0.0;1.0;4.0;2.0;1.0;1.0;6.0
8025;Mn;0.0;0.0;0.0;0.0;0.0;0.0;0.0;0.0;0.0;0.0;0.0;0.0;1.0
8025;Md;0.0;0.1;0.0;0.1;0.1;0.1;0.0;0.0;0.4;0.4;0.1;0.1;1.5
8025;S;0.18;0.43;0.18;0.35;0.40;0.25;0.00;0.18;0.89;0.72;0.35;0.25;1.48
8025;Cv;5.48;3.26;5.48;2.59;4.03;3.81;-;5.48;2.43;1.96;2.59;3.81;1.01
8019;N;30;30;30;30;30;30;30;30;30;30;30;29;29
8019;Min;0.0;0.0;0.0;0.0;0.0;0.0;0.0;0.0;0.0;0.0;0.0;0.0;0.0
8019;Q1;0.0;0.0;0.0;0.0;0.0;0.0;0.0;0.0;0.0;0.0;0.0;0.0;0.0
8019;Q2;0.0;0.0;0.0;0.0;0.0;0.0;0.0;0.0;0.0;0.0;0.0;0.0;1.0
8019;Q3;0.0;0.0;0.0;0.0;0.0;0.0;0.0;0.0;0.0;0.0;0.0;0.0;1.0
8019;Q4;0.0;0.0;0.0;0.0;0.0;0.0;0.0;0.0;1.0;1.0;0.0;0.0;2.0
8019;Max;1.0;2.0;1.0;1.0;1.0;1.0;0.0;0.0;4.0;2.0;2.0;1.0;5.0
8019;Mn;0.0;0.0;0.0;0.0;0.0;0.0;0.0;0.0;0.0;0.0;0.0;0.0;1.0
8019;Md;0.0;0.1;0.1;0.1;0.1;0.0;0.0;0.0;0.3;0.3;0.1;0.1;1.3
8019;S;0.18;0.37;0.25;0.31;0.31;0.18;0.00;0.00;0.80;0.52;0.43;0.31;1.31
8019;Cv;5.48;5.48;3.81;3.05;3.05;5.48;-;-;2.41;1.95;3.26;3.00;1.02
6325O;N;30;30;30;30;30;30;30;30;30;30;30;30;30
6325O;Min;0.0;0.0;0.0;0.0;0.0;0.0;0.0;0.0;0.0;0.0;0.0;0.0;0.0
6325O;Q1;0.0;0.0;0.0;0.0;0.0;0.0;0.0;0.0;0.0;0.0;0.0;0.0;0.0
6325O;Q2;0.0;0.0;0.0;0.0;0.0;0.0;0.0;0.0;0.0;0.0;0.0;0.0;0.0
6325O;Q3;0.0;0.0;0.0;0.0;0.0;0.0;0.0;0.0;0.0;0.0;0.0;0.0;1.0
6325O;Q4;0.0;0.0;0.0;0.0;0.0;0.0;0.0;0.0;0.0;0.8;0.0;0.0;2.0
6325O;Max;1.0;1.0;1.0;1.0;1.0;2.0;0.0;0.0;1.0;1.0;1.0;1.0;3.0
6325O;Mn;0.0;0.0;0.0;0.0;0.0;0.0;0.0;0.0;0.0;0.0;0.0;0.0;1.0
6325O;Md;0.1;0.1;0.0;0.1;0.0;0.1;0.0;0.0;0.1;0.2;0.1;0.1;0.9
6325O;S;0.31;0.31;0.18;0.25;0.18;0.37;0.00;0.00;0.25;0.41;0.31;0.35;0.96
6325O;Cv;3.05;3.05;5.48;3.81;5.48;5.48;-;-;3.81;2.03;3.05;2.59;1.07
9091O;N;30;30;30;30;30;30;30;30;30;30;30;30;30
9091O;Min;0.0;0.0;0.0;0.0;0.0;0.0;0.0;0.0;0.0;0.0;0.0;0.0;0.0
9091O;Q1;0.0;0.0;0.0;0.0;0.0;0.0;0.0;0.0;0.0;0.0;0.0;0.0;1.0
9091O;Q2;0.0;0.0;0.0;0.0;0.0;0.0;0.0;0.0;0.0;0.0;0.0;0.0;2.0
9091O;Q3;0.0;0.0;0.0;0.0;0.0;0.0;0.0;0.0;0.0;0.0;0.0;0.0;3.0
9091O;Q4;1.0;0.0;0.0;0.0;0.8;0.0;0.8;0.0;0.0;0.0;1.0;1.0;3.8
9091O;Max;2.0;1.0;3.0;2.0;1.0;2.0;1.0;3.0;1.0;2.0;2.0;1.0;7.0
9091O;Mn;0.0;0.0;0.0;0.0;0.0;0.0;0.0;0.0;0.0;0.0;0.0;0.0;2.0
9091O;Md;0.3;0.2;0.2;0.2;0.2;0.1;0.2;0.2;0.1;0.2;0.4;0.2;2.4
9091O;S;0.53;0.38;0.66;0.46;0.41;0.40;0.41;0.63;0.25;0.48;0.56;0.43;1.68
9091O;Cv;1.78;2.27;3.32;2.77;2.03;4.03;2.03;2.68;3.81;2.42;1.52;1.84;0.69
1212E;N;30;30;30;30;30;30;30;29;29;29;29;29;29
1212E;Min;0.0;0.0;0.0;0.0;0.0;0.0;0.0;0.0;0.0;0.0;0.0;0.0;1.0
1212E;Q1;0.0;0.0;0.0;0.0;0.0;0.0;0.0;0.0;0.0;0.0;0.0;0.0;2.0
1212E;Q2;0.0;0.0;0.0;0.0;0.0;0.0;0.0;0.0;0.0;0.0;0.0;0.0;4.0
1212E;Q3;0.0;0.0;0.0;0.0;0.0;0.0;0.0;0.0;0.0;1.0;1.0;1.0;4.0
1212E;Q4;1.0;0.0;0.0;0.8;0.0;1.0;0.0;0.0;1.0;2.0;2.0;1.0;6.0
1212E;Max;3.0;2.0;1.0;1.0;3.0;4.0;2.0;4.0;2.0;7.0;4.0;2.0;13.0
1212E;Mn;0.0;0.0;0.0;0.0;0.0;0.0;0.0;0.0;0.0;0.0;0.0;0.0;4.0
1212E;Md;0.4;0.2;0.1;0.2;0.2;0.4;0.1;0.3;0.3;0.9;0.7;0.6;4.4
1212E;S;0.72;0.57;0.35;0.41;0.61;0.85;0.43;0.89;0.59;1.44;1.00;0.74;2.82
1212E;Cv;1.96;2.44;2.59;2.03;3.05;2.32;3.26;2.87;2.14;1.54;1.46;1.33;0.64
1208H;N;9;9;9;10;10;10;10;9;10;10;10;10;8
1208H;Min;;;;;;;;;;;;;
1208H;Q1;;;;;;;;;;;;;
1208H;Q2;;;;;;;;;;;;;
1208H;Q3;;;;;;;;;;;;;
1208H;Q4;;;;;;;;;;;;;
1208H;Max;;;;;;;;;;;;;
1208H;Mn;;;;;;;;;;;;;
1208H;Md;;;;;;;;;;;;;
1208H;S;;;;;;;;;;;;;
1208H;Cv;;;;;;;;;;;;;
1249I;N;30;30;30;30;30;30;30;30;30;30;30;30;30
1249I;Min;0.0;0.0;0.0;0.0;0.0;0.0;0.0;0.0;0.0;0.0;0.0;0.0;0.0
1249I;Q1;0.0;0.0;0.0;0.0;0.0;0.0;0.0;0.0;0.0;0.0;0.0;0.0;2.0
1249I;Q2;0.0;0.0;0.0;0.0;0.0;0.0;0.0;0.0;0.0;0.0;0.0;0.0;3.0
1249I;Q3;0.0;0.0;0.0;0.0;0.0;0.0;0.0;0.0;0.0;0.6;1.0;1.0;4.6
1249I;Q4;1.0;0.8;0.8;1.0;0.8;0.0;0.0;0.0;1.0;1.8;1.0;1.0;6.0
1249I;Max;3.0;1.0;1.0;3.0;2.0;3.0;1.0;3.0;1.0;4.0;2.0;2.0;9.0
1249I;Mn;0.0;0.0;0.0;0.0;0.0;0.0;0.0;0.0;0.0;0.0;0.0;0.0;4.0
1249I;Md;0.3;0.2;0.2;0.4;0.2;0.2;0.1;0.2;0.3;0.7;0.5;0.5;3.9
1249I;S;0.66;0.41;0.41;0.77;0.50;0.59;0.25;0.63;0.47;0.99;0.68;0.63;2.37
1249I;Cv;1.98;2.03;2.03;1.79;2.16;3.55;3.81;2.68;1.55;1.49;1.28;1.26;0.61
2444;N;27;28;28;28;28;28;27;28;28;28;28;28;26
2444;Min;0.0;0.0;0.0;0.0;0.0;0.0;0.0;0.0;0.0;0.0;0.0;0.0;0.0
2444;Q1;0.0;0.0;0.0;0.0;0.0;0.0;0.0;0.0;0.0;0.0;0.0;0.0;0.0
2444;Q2;0.0;0.0;0.0;0.0;0.0;0.0;0.0;0.0;0.0;0.0;0.0;0.0;0.0
2444;Q3;0.0;0.0;0.0;0.0;0.0;0.0;0.0;0.0;0.0;0.0;0.0;0.0;1.0
2444;Q4;0.0;0.0;0.0;0.0;0.0;0.0;0.0;0.0;0.0;0.0;0.0;0.0;1.6
2444;Max;1.0;1.0;1.0;1.0;1.0;1.0;0.0;1.0;1.0;1.0;2.0;1.0;6.0
2444;Mn;0.0;0.0;0.0;0.0;0.0;0.0;0.0;0.0;0.0;0.0;0.0;0.0;0.0
2444;Md;0.1;0.0;0.1;0.0;0.0;0.1;0.0;0.0;0.1;0.1;0.1;0.1;0.8
2444;S;0.27;0.19;0.26;0.19;0.19;0.26;0.00;0.19;0.26;0.26;0.52;0.26;1.31
2444;Cv;3.60;5.29;3.67;5.29;5.29;3.67;-;5.29;3.67;3.67;3.67;3.67;1.70
4452;N;30;30;30;30;30;30;30;30;30;30;30;30;30
4452;Min;0.0;0.0;0.0;0.0;0.0;0.0;0.0;0.0;0.0;0.0;0.0;0.0;0.0
4452;Q1;0.0;0.0;0.0;0.0;0.0;0.0;0.0;0.0;0.0;0.0;0.0;0.0;0.0
4452;Q2;0.0;0.0;0.0;0.0;0.0;0.0;0.0;0.0;0.0;0.0;0.0;0.0;1.0
4452;Q3;0.0;0.0;0.0;0.0;0.0;0.0;0.0;0.0;0.0;0.0;0.0;0.0;1.0
4452;Q4;0.0;0.0;0.0;0.0;0.0;0.0;0.0;0.0;0.0;1.0;0.0;0.0;2.0
4452;Max;1.0;2.0;0.0;1.0;1.0;1.0;0.0;1.0;1.0;1.0;1.0;2.0;4.0
4452;Mn;0.0;0.0;0.0;0.0;0.0;0.0;0.0;0.0;0.0;0.0;0.0;0.0;1.0
4452;Md;0.1;0.1;0.0;0.1;0.1;0.0;0.0;0.0;0.1;0.2;0.2;0.1;1.1
4452;S;0.31;0.40;0.00;0.35;0.25;0.18;0.00;0.18;0.35;0.43;0.38;0.43;1.04
4452;Cv;3.05;4.03;-;2.59;3.81;5.48;-;5.48;2.59;1.84;2.27;3.26;0.92
B954;N;30;30;30;30;30;30;30;30;30;30;30;30;30
B954;Min;0.0;0.0;0.0;0.0;0.0;0.0;0.0;0.0;0.0;0.0;0.0;0.0;0.0
B954;Q1;0.0;0.0;0.0;0.0;0.0;0.0;0.0;0.0;0.0;0.0;0.0;0.0;1.0
B954;Q2;0.0;0.0;0.0;0.0;0.0;0.0;0.0;0.0;0.0;0.0;0.0;0.0;2.0
B954;Q3;0.0;0.0;0.0;0.0;0.0;0.0;0.0;0.0;0.0;0.0;0.0;0.0;2.0
B954;Q4;0.0;0.0;0.0;0.0;0.0;0.0;0.0;0.0;1.0;1.0;0.8;0.8;3.0
B954;Max;1.0;1.0;1.0;1.0;2.0;1.0;1.0;1.0;2.0;2.0;1.0;3.0;5.0
B954;Mn;0.0;0.0;0.0;0.0;0.0;0.0;0.0;0.0;0.0;0.0;0.0;0.0;2.0
B954;Md;0.1;0.1;0.1;0.1;0.2;0.0;0.0;0.2;0.4;0.3;0.2;0.3;2.0
B954;S;0.35;0.31;0.25;0.25;0.48;0.18;0.18;0.38;0.72;0.53;0.41;0.70;1.27
B954;Cv;2.59;3.05;3.81;3.81;2.42;5.48;5.48;2.27;1.96;1.78;2.03;2.34;0.65
B893;N;30;30;30;30;30;30;30;30;30;30;30;30;30
B893;Min;0.0;0.0;0.0;0.0;0.0;0.0;0.0;0.0;0.0;0.0;0.0;0.0;0.0
B893;Q1;0.0;0.0;0.0;0.0;0.0;0.0;0.0;0.0;0.0;0.0;0.0;0.0;1.0
B893;Q2;0.0;0.0;0.0;0.0;0.0;0.0;0.0;0.0;0.0;0.0;0.0;0.0;2.0
B893;Q3;0.0;0.0;0.0;0.0;0.0;0.0;0.0;0.0;0.0;0.0;0.6;0.0;3.0
B893;Q4;0.8;0.8;0.0;0.0;0.0;0.0;0.0;0.0;1.0;1.0;1.0;0.8;4.0
B893;Max;1.0;3.0;1.0;1.0;2.0;1.0;0.0;3.0;3.0;3.0;2.0;1.0;7.0
B893;Mn;0.0;0.0;0.0;0.0;0.0;0.0;0.0;0.0;0.0;0.0;0.0;0.0;2.5
B893;Md;0.2;0.3;0.1;0.1;0.2;0.0;0.0;0.1;0.4;0.5;0.5;0.2;2.6
B893;S;0.41;0.70;0.25;0.31;0.46;0.18;0.00;0.57;0.72;0.78;0.63;0.41;1.83
B893;Cv;2.03;2.34;3.81;3.05;2.77;5.48;-;4.29;1.81;1.55;1.35;2.03;0.71
B228;N;30;30;30;30;30;30;30;30;30;30;30;30;30
B228;Min;0.0;0.0;0.0;0.0;0.0;0.0;0.0;0.0;0.0;0.0;0.0;0.0;0.0
B228;Q1;0.0;0.0;0.0;0.0;0.0;0.0;0.0;0.0;0.0;0.0;0.0;0.0;1.0
B228;Q2;0.0;0.0;0.0;0.0;0.0;0.0;0.0;0.0;0.0;0.0;0.0;0.0;2.0
B228;Q3;0.0;0.0;0.0;0.0;0.0;0.0;0.0;0.0;0.0;0.6;0.0;0.0;2.0
B228;Q4;0.0;0.0;0.0;0.0;0.0;0.0;0.0;0.0;1.0;1.0;0.8;0.0;3.0
B228;Max;1.0;1.0;1.0;1.0;2.0;0.0;1.0;2.0;2.0;2.0;2.0;2.0;6.0
B228;Mn;0.0;0.0;0.0;0.0;0.0;0.0;0.0;0.0;0.0;0.0;0.0;0.0;2.0
B228;Md;0.2;0.1;0.1;0.1;0.2;0.0;0.0;0.2;0.4;0.5;0.2;0.2;2.2
B228;S;0.38;0.35;0.25;0.31;0.55;0.00;0.18;0.48;0.61;0.63;0.50;0.48;1.44
B228;Cv;2.27;2.59;3.81;3.05;2.75;-;5.48;2.42;1.68;1.35;2.16;2.42;0.66
B278;N;30;30;30;30;30;30;30;30;30;30;30;30;30
B278;Min;0.0;0.0;0.0;0.0;0.0;0.0;0.0;0.0;0.0;0.0;0.0;0.0;0.0
B278;Q1;0.0;0.0;0.0;0.0;0.0;0.0;0.0;0.0;0.0;0.0;0.0;0.0;1.0
B278;Q2;0.0;0.0;0.0;0.0;0.0;0.0;0.0;0.0;0.0;0.0;0.0;0.0;1.4
B278;Q3;0.0;0.0;0.0;0.0;0.0;0.0;0.0;0.0;0.0;0.0;0.0;0.0;2.0
B278;Q4;0.0;0.0;0.0;0.0;0.0;0.0;0.0;0.0;1.0;1.0;1.0;0.0;3.8
B278;Max;1.0;1.0;1.0;1.0;1.0;1.0;1.0;2.0;3.0;4.0;1.0;2.0;7.0
B278;Mn;0.0;0.0;0.0;0.0;0.0;0.0;0.0;0.0;0.0;0.0;0.0;0.0;2.0
B278;Md;0.1;0.1;0.1;0.1;0.1;0.1;0.0;0.2;0.4;0.6;0.2;0.2;2.2
B278;S;0.31;0.35;0.25;0.31;0.31;0.25;0.18;0.46;0.73;1.00;0.43;0.48;1.70
B278;Cv;3.05;2.59;3.81;3.05;3.05;3.81;5.48;2.77;1.68;1.67;1.84;2.42;0.76
0200E;N;30;30;30;30;30;30;30;30;30;30;30;30;30
0200E;Min;0.0;0.0;0.0;0.0;0.0;0.0;0.0;0.0;0.0;0.0;0.0;0.0;1.0
0200E;Q1;0.0;0.0;0.0;0.0;0.0;0.0;0.0;0.0;0.0;0.0;0.0;0.0;3.0
0200E;Q2;0.0;0.0;0.0;0.0;0.0;0.0;0.0;0.0;0.0;1.0;0.0;0.0;4.0
0200E;Q3;0.0;0.0;0.0;0.0;0.0;0.0;0.0;0.0;0.0;1.0;0.0;0.0;4.0
0200E;Q4;1.0;0.0;0.8;1.0;1.0;0.0;0.8;0.0;1.0;1.0;1.0;1.0;5.0
0200E;Max;3.0;3.0;3.0;1.0;2.0;1.0;2.0;1.0;3.0;4.0;4.0;2.0;9.0
0200E;Mn;0.0;0.0;0.0;0.0;0.0;0.0;0.0;0.0;0.0;1.0;0.0;0.0;4.0
0200E;Md;0.4;0.2;0.3;0.3;0.4;0.1;0.2;0.1;0.5;0.9;0.5;0.3;4.2
0200E;S;0.77;0.59;0.70;0.45;0.73;0.25;0.50;0.31;0.82;0.90;0.94;0.60;1.66
0200E;Cv;1.93;3.55;2.34;1.69;1.68;3.81;2.16;3.05;1.54;1.04;1.88;1.99;0.40
0076;N;29;29;30;30;30;30;30;30;30;30;30;29;28
0076;Min;0.0;0.0;0.0;0.0;0.0;0.0;0.0;0.0;0.0;0.0;0.0;0.0;1.0
0076;Q1;0.0;0.0;0.0;0.0;0.0;0.0;0.0;0.0;0.0;0.0;0.0;0.0;2.8
0076;Q2;0.0;0.0;0.0;0.0;0.0;0.0;0.0;0.0;0.0;0.0;0.0;0.0;3.6
0076;Q3;0.0;0.0;0.0;0.0;0.0;0.0;0.0;0.0;1.0;1.0;0.0;0.0;4.0
0076;Q4;0.0;0.0;0.0;0.8;1.0;0.0;0.8;1.0;1.8;1.8;1.0;0.0;6.2
0076;Max;1.0;2.0;1.0;1.0;2.0;1.0;1.0;3.0;3.0;3.0;5.0;2.0;10.0
0076;Mn;0.0;0.0;0.0;0.0;0.0;0.0;0.0;0.0;1.0;1.0;0.0;0.0;4.0
0076;Md;0.1;0.1;0.2;0.2;0.4;0.2;0.2;0.6;0.8;0.8;0.5;0.2;4.3
0076;S;0.35;0.37;0.38;0.41;0.61;0.38;0.41;1.00;0.86;0.92;1.01;0.49;2.31
0076;Cv;2.54;5.39;2.27;2.03;1.68;2.27;2.03;1.58;1.12;1.16;2.02;2.37;0.54
1082;N;29;30;30;30;30;30;30;30;30;30;29;29;28
1082;Min;0.0;0.0;0.0;0.0;0.0;0.0;0.0;0.0;0.0;0.0;0.0;0.0;1.0
1082;Q1;0.0;0.0;0.0;0.0;0.0;0.0;0.0;0.0;0.0;0.0;0.0;0.0;3.0
1082;Q2;0.0;0.0;0.0;0.0;0.0;0.0;0.0;0.0;0.0;0.0;0.0;0.0;4.0
1082;Q3;1.0;0.0;0.0;0.0;0.0;0.0;0.0;0.0;0.0;0.6;1.0;1.0;5.0
1082;Q4;1.0;0.0;1.0;1.0;0.8;0.8;1.0;1.0;1.0;1.0;1.0;1.0;6.0
1082;Max;2.0;1.0;3.0;2.0;2.0;2.0;1.0;4.0;3.0;5.0;3.0;3.0;9.0
1082;Mn;0.0;0.0;0.0;0.0;0.0;0.0;0.0;0.0;0.0;0.0;1.0;0.0;5.0
1082;Md;0.6;0.1;0.3;0.3;0.3;0.2;0.3;0.4;0.4;0.6;0.7;0.6;4.9
1082;S;0.73;0.35;0.66;0.61;0.58;0.50;0.45;0.81;0.72;1.04;0.80;0.78;2.02
1082;Cv;1.25;2.59;1.98;1.82;2.19;2.16;1.69;2.03;1.96;1.73;1.10;1.42;0.41
2331;N;30;30;30;30;30;30;30;30;30;30;30;30;30
2331;Min;0.0;0.0;0.0;0.0;0.0;0.0;0.0;0.0;0.0;0.0;0.0;0.0;0.0
2331;Q1;0.0;0.0;0.0;0.0;0.0;0.0;0.0;0.0;0.0;0.0;0.0;0.0;0.0
2331;Q2;0.0;0.0;0.0;0.0;0.0;0.0;0.0;0.0;0.0;0.0;0.0;0.0;1.0
2331;Q3;0.0;0.0;0.0;0.0;0.0;0.0;0.0;0.0;0.0;0.0;0.0;0.0;1.0
2331;Q4;0.0;0.0;0.0;0.0;0.0;0.0;0.0;0.0;0.0;0.8;0.0;0.0;2.0
2331;Max;0.0;0.0;0.0;1.0;1.0;1.0;1.0;2.0;1.0;1.0;1.0;2.0;4.0
2331;Mn;0.0;0.0;0.0;0.0;0.0;0.0;0.0;0.0;0.0;0.0;0.0;0.0;1.0
2331;Md;0.0;0.0;0.0;0.1;0.1;0.1;0.0;0.1;0.1;0.2;0.1;0.2;1.0
2331;S;0.00;0.00;0.00;0.31;0.31;0.31;0.18;0.37;0.35;0.41;0.31;0.48;1.00
2331;Cv;-;-;-;3.05;3.05;3.05;5.48;5.48;2.59;2.03;3.05;2.42;0.97
3469A;N;28;28;28;28;28;28;28;28;28;28;28;29;28
3469A;Min;0.0;0.0;0.0;0.0;0.0;0.0;0.0;0.0;0.0;0.0;0.0;0.0;0.0
3469A;Q1;0.0;0.0;0.0;0.0;0.0;0.0;0.0;0.0;0.0;0.0;0.0;0.0;1.0
3469A;Q2;0.0;0.0;0.0;0.0;0.0;0.0;0.0;0.0;0.0;0.0;0.0;0.0;2.0
3469A;Q3;0.0;0.0;0.0;0.0;0.0;0.0;0.0;0.0;0.0;0.0;0.0;0.0;3.0
3469A;Q4;0.0;0.2;0.0;0.0;0.2;0.0;0.0;0.0;1.0;1.0;1.2;0.0;4.0
3469A;Max;2.0;1.0;1.0;1.0;2.0;1.0;0.0;1.0;1.0;3.0;3.0;3.0;6.0
3469A;Mn;0.0;0.0;0.0;0.0;0.0;0.0;0.0;0.0;0.0;0.0;0.0;0.0;2.0
3469A;Md;0.2;0.2;0.1;0.1;0.2;0.1;0.0;0.0;0.2;0.5;0.6;0.3;2.4
3469A;S;0.48;0.39;0.26;0.31;0.50;0.26;0.00;0.19;0.42;0.84;0.88;0.70;1.52
3469A;Cv;2.66;2.18;3.67;2.94;2.33;3.67;-;5.29;1.95;1.81;1.54;2.54;0.64
5973;N;28;29;28;29;29;29;26;25;28;28;28;28;20
5973;Min;0.0;0.0;0.0;0.0;0.0;0.0;0.0;0.0;0.0;0.0;0.0;0.0;1.0
5973;Q1;0.0;0.0;0.0;0.0;0.0;0.0;0.0;0.0;0.0;0.0;0.0;0.0;1.2
5973;Q2;0.0;0.0;0.0;0.0;0.0;0.0;0.0;0.0;0.0;0.0;0.0;0.0;3.0
5973;Q3;0.0;0.0;0.0;0.0;0.0;0.0;0.0;0.0;0.0;0.4;1.0;0.0;4.0
5973;Q4;1.0;0.0;0.0;0.0;0.0;0.0;0.0;0.0;0.0;1.0;2.0;1.0;5.8
5973;Max;3.0;2.0;1.0;1.0;1.0;1.0;0.0;0.0;1.0;3.0;4.0;7.0;11.0
5973;Mn;0.0;0.0;0.0;0.0;0.0;0.0;0.0;0.0;0.0;0.0;1.0;0.0;3.0
5973;Md;0.5;0.2;0.1;0.1;0.1;0.0;0.0;0.0;0.1;0.6;1.0;0.7;3.7
5973;S;0.79;0.58;0.31;0.35;0.31;0.19;0.00;0.00;0.26;0.92;1.17;1.51;2.45
5973;Cv;1.71;2.39;2.94;2.54;3.00;5.39;-;-;3.67;1.51;1.21;2.12;0.66
5960;N;30;30;30;30;30;30;30;29;28;30;30;30;28
5960;Min;0.0;0.0;0.0;0.0;0.0;0.0;0.0;0.0;0.0;0.0;0.0;0.0;1.0
5960;Q1;0.0;0.0;0.0;0.0;0.0;0.0;0.0;0.0;0.0;0.0;0.0;0.0;2.0
5960;Q2;0.0;0.0;0.0;0.0;0.0;0.0;0.0;0.0;0.0;0.0;0.0;0.0;3.0
5960;Q3;0.0;0.0;0.0;0.0;0.0;0.0;0.0;0.0;0.0;0.0;1.0;1.0;4.0
5960;Q4;1.0;0.8;0.0;0.8;0.0;0.0;0.0;0.0;1.0;1.0;2.8;1.0;5.0
5960;Max;4.0;2.0;2.0;2.0;1.0;1.0;0.0;0.0;1.0;3.0;4.0;10.0;19.0
5960;Mn;0.0;0.0;0.0;0.0;0.0;0.0;0.0;0.0;0.0;0.0;1.0;0.5;4.0
5960;Md;0.6;0.2;0.1;0.2;0.2;0.1;0.0;0.0;0.2;0.5;1.0;0.9;4.1
5960;S;1.01;0.50;0.40;0.50;0.38;0.25;0.00;0.00;0.42;0.94;1.25;1.87;3.35
5960;Cv;1.78;2.16;4.03;2.16;2.27;3.81;-;-;1.95;1.76;1.21;2.01;0.81
5910;N;22;22;22;22;22;22;22;22;22;22;22;22;22
5910;Min;0.0;0.0;0.0;0.0;0.0;0.0;0.0;0.0;0.0;0.0;0.0;0.0;0.0
5910;Q1;0.0;0.0;0.0;0.0;0.0;0.0;0.0;0.0;0.0;0.0;0.0;0.0;1.6
5910;Q2;0.0;0.0;0.0;0.0;0.0;0.0;0.0;0.0;0.0;0.0;0.0;0.0;3.0
5910;Q3;0.0;0.0;0.0;0.0;0.0;0.0;0.0;0.0;0.0;0.8;0.0;0.0;4.0
5910;Q4;1.0;1.0;0.0;1.0;0.0;0.0;0.0;0.0;1.0;1.4;1.4;1.4;5.0
5910;Max;2.0;3.0;1.0;2.0;1.0;0.0;0.0;0.0;1.0;4.0;4.0;8.0;14.0
5910;Mn;0.0;0.0;0.0;0.0;0.0;0.0;0.0;0.0;0.0;0.0;0.0;0.0;4.0
5910;Md;0.5;0.3;0.1;0.3;0.1;0.0;0.0;0.0;0.3;0.7;0.6;0.9;3.8
5910;S;0.74;0.72;0.35;0.55;0.35;0.00;0.00;0.00;0.46;1.04;1.05;1.88;2.87
5910;Cv;1.48;2.25;2.58;2.02;2.58;-;-;-;1.67;1.53;1.65;2.18;0.75
6001;N;20;24;21;22;24;21;24;22;26;21;21;23;18
6001;Min;0.0;0.0;0.0;0.0;0.0;0.0;0.0;0.0;0.0;0.0;0.0;0.0;1.0
6001;Q1;0.0;0.0;0.0;0.0;0.0;0.0;0.0;0.0;0.0;0.0;0.0;0.0;2.0
6001;Q2;0.0;0.0;0.0;0.0;0.0;0.0;0.0;0.0;0.0;0.0;0.0;0.0;2.6
6001;Q3;0.0;0.0;0.0;0.0;0.0;0.0;0.0;0.0;0.0;1.0;0.2;1.4;3.0
6001;Q4;1.0;1.0;0.0;0.4;0.0;0.0;0.0;0.0;0.0;1.6;1.0;2.0;4.4
6001;Max;2.0;2.0;1.0;2.0;1.0;0.0;0.0;1.0;1.0;3.0;2.0;4.0;8.0
6001;Mn;0.0;0.0;0.0;0.0;0.0;0.0;0.0;0.0;0.0;0.0;0.0;0.0;3.0
6001;Md;0.4;0.3;0.1;0.2;0.1;0.0;0.0;0.0;0.0;0.7;0.5;1.0;3.4
6001;S;0.60;0.64;0.36;0.53;0.28;0.00;0.00;0.21;0.20;0.90;0.75;1.21;1.88
6001;Cv;1.50;1.91;2.51;2.33;3.39;-;-;4.69;5.10;1.26;1.43;1.21;0.56
1111;N;13;13;13;13;14;14;14;14;14;14;14;14;13
1111;Min;;;;;;;;;;;;;
1111;Q1;;;;;;;;;;;;;
1111;Q2;;;;;;;;;;;;;
1111;Q3;;;;;;;;;;;;;
1111;Q4;;;;;;;;;;;;;
1111;Max;;;;;;;;;;;;;
1111;Mn;;;;;;;;;;;;;
1111;Md;;;;;;;;;;;;;
1111;S;;;;;;;;;;;;;
1111;Cv;;;;;;;;;;;;;
1109;N;29;29;29;29;29;28;28;28;28;28;28;28;28
1109;Min;0.0;0.0;0.0;0.0;0.0;0.0;0.0;0.0;0.0;0.0;0.0;0.0;2.0
1109;Q1;0.0;0.0;0.0;0.0;0.0;0.0;0.0;0.0;0.0;0.0;0.0;0.0;3.0
1109;Q2;0.0;0.0;0.0;0.0;0.0;0.0;0.0;0.0;0.0;0.0;0.0;0.0;4.0
1109;Q3;0.0;0.0;0.0;0.0;0.0;0.0;0.0;0.0;0.0;1.0;1.0;1.0;5.0
1109;Q4;1.0;1.0;1.0;1.0;0.0;0.0;0.0;1.0;1.0;2.0;2.0;1.0;7.0
1109;Max;3.0;2.0;2.0;2.0;1.0;2.0;1.0;3.0;2.0;3.0;3.0;2.0;10.0
1109;Mn;0.0;0.0;0.0;0.0;0.0;0.0;0.0;0.0;0.0;0.0;1.0;0.5;4.0
1109;Md;0.4;0.3;0.3;0.4;0.1;0.1;0.1;0.4;0.4;0.8;0.9;0.6;4.8
1109;S;0.73;0.53;0.54;0.63;0.35;0.45;0.36;0.74;0.56;1.12;1.03;0.63;2.21
1109;Cv;1.92;1.91;1.74;1.41;2.54;3.14;2.49;1.88;1.56;1.37;1.15;1.11;0.46
8500A;N;30;30;30;30;30;30;30;30;30;30;30;30;30
8500A;Min;0.0;0.0;0.0;0.0;0.0;0.0;0.0;0.0;0.0;0.0;0.0;0.0;0.0
8500A;Q1;0.0;0.0;0.0;0.0;0.0;0.0;0.0;0.0;0.0;0.0;0.0;0.0;2.0
8500A;Q2;0.0;0.0;0.0;0.0;0.0;0.0;0.0;0.0;0.0;0.0;0.0;0.0;2.0
8500A;Q3;0.0;0.0;0.0;0.0;0.0;0.0;0.0;0.0;0.0;0.0;0.0;0.0;4.0
8500A;Q4;1.0;1.0;0.8;0.0;1.0;0.0;0.0;1.0;1.0;1.8;0.8;1.0;5.0
8500A;Max;2.0;1.0;2.0;2.0;2.0;1.0;1.0;2.0;3.0;3.0;3.0;2.0;8.0
8500A;Mn;0.0;0.0;0.0;0.0;0.0;0.0;0.0;0.0;0.0;0.0;0.0;0.0;3.0
8500A;Md;0.3;0.3;0.2;0.2;0.3;0.0;0.0;0.3;0.6;0.6;0.4;0.3;3.4
8500A;S;0.52;0.45;0.50;0.46;0.52;0.18;0.18;0.52;0.94;0.96;0.89;0.52;2.01
8500A;Cv;1.95;1.69;2.16;2.77;1.95;5.48;5.48;1.95;1.65;1.52;2.24;1.95;0.59
5000C;N;2;2;2;3;2;6;6;5;3;3;4;6;0
5000C;Min;;;;;;;;;;;;;
5000C;Q1;;;;;;;;;;;;;
5000C;Q2;;;;;;;;;;;;;
5000C;Q3;;;;;;;;;;;;;
5000C;Q4;;;;;;;;;;;;;
5000C;Max;;;;;;;;;;;;;
5000C;Mn;;;;;;;;;;;;;
5000C;Md;;;;;;;;;;;;;
5000C;S;;;;;;;;;;;;;
5000C;Cv;;;;;;;;;;;;;
4121;N;30;30;30;30;30;30;29;30;30;30;30;30;29
4121;Min;0.0;0.0;0.0;0.0;0.0;0.0;0.0;0.0;0.0;0.0;0.0;0.0;0.0
4121;Q1;0.0;0.0;0.0;0.0;0.0;0.0;0.0;0.0;0.0;0.0;0.0;0.0;0.0
4121;Q2;0.0;0.0;0.0;0.0;0.0;0.0;0.0;0.0;0.0;0.0;0.0;0.0;1.0
4121;Q3;0.0;0.0;0.0;0.0;0.0;0.0;0.0;0.0;0.0;0.0;0.0;0.0;1.0
4121;Q4;0.0;0.0;0.0;0.0;0.0;0.0;0.0;0.0;0.0;0.0;0.0;0.8;2.0
4121;Max;0.0;1.0;1.0;1.0;1.0;1.0;1.0;0.0;1.0;2.0;1.0;2.0;3.0
4121;Mn;0.0;0.0;0.0;0.0;0.0;0.0;0.0;0.0;0.0;0.0;0.0;0.0;1.0
4121;Md;0.0;0.0;0.0;0.1;0.1;0.1;0.1;0.0;0.1;0.1;0.1;0.3;1.0
4121;S;0.00;0.18;0.18;0.25;0.25;0.31;0.26;0.00;0.31;0.40;0.35;0.58;1.00
4121;Cv;-;5.48;5.48;3.81;3.81;3.05;3.74;-;3.05;4.03;2.59;2.19;1.00
5402;N;25;25;26;26;26;26;26;26;26;26;26;26;25
5402;Min;0.0;0.0;0.0;0.0;0.0;0.0;0.0;0.0;0.0;0.0;0.0;0.0;1.0
5402;Q1;0.0;0.0;0.0;0.0;0.0;0.0;0.0;0.0;0.0;0.0;0.0;0.0;2.0
5402;Q2;0.0;0.0;0.0;0.0;0.0;0.0;0.0;0.0;0.0;0.0;0.0;0.0;3.0
5402;Q3;0.0;0.0;0.0;0.0;0.0;0.0;0.0;0.0;0.0;1.0;1.0;1.0;4.0
5402;Q4;1.0;1.0;0.0;0.0;0.0;0.0;0.0;0.0;1.0;1.0;1.0;2.0;5.0
5402;Max;3.0;2.0;2.0;3.0;2.0;1.0;0.0;1.0;2.0;3.0;4.0;6.0;11.0
5402;Mn;0.0;0.0;0.0;0.0;0.0;0.0;0.0;0.0;0.0;0.0;0.0;0.0;4.0
5402;Md;0.3;0.3;0.3;0.2;0.2;0.1;0.0;0.0;0.3;0.6;0.6;1.0;4.0
5402;S;0.69;0.54;0.67;0.63;0.57;0.27;0.00;0.20;0.53;0.85;0.94;1.54;2.65
5402;Cv;2.16;1.93;2.48;3.30;2.95;3.53;-;5.10;1.98;1.38;1.53;1.48;0.66
8096;N;30;30;30;30;30;30;30;30;30;30;30;30;30
8096;Min;0.0;0.0;0.0;0.0;0.0;0.0;0.0;0.0;0.0;0.0;0.0;0.0;0.0
8096;Q1;0.0;0.0;0.0;0.0;0.0;0.0;0.0;0.0;0.0;0.0;0.0;0.0;0.0
8096;Q2;0.0;0.0;0.0;0.0;0.0;0.0;0.0;0.0;0.0;0.0;0.0;0.0;1.0
8096;Q3;0.0;0.0;0.0;0.0;0.0;0.0;0.0;0.0;0.0;0.0;0.0;0.0;1.6
8096;Q4;0.0;0.0;0.0;0.0;0.0;0.8;0.0;0.0;0.0;0.0;0.0;0.0;2.0
8096;Max;1.0;1.0;1.0;1.0;1.0;1.0;0.0;1.0;2.0;1.0;1.0;2.0;3.0
8096;Mn;0.0;0.0;0.0;0.0;0.0;0.0;0.0;0.0;0.0;0.0;0.0;0.0;1.0
8096;Md;0.0;0.1;0.0;0.1;0.1;0.2;0.0;0.1;0.1;0.1;0.0;0.2;1.1
8096;S;0.18;0.25;0.18;0.35;0.31;0.41;0.00;0.31;0.43;0.25;0.18;0.48;0.99
8096;Cv;5.48;3.81;5.48;2.59;3.05;2.03;-;3.05;3.26;3.81;5.48;2.42;0.90
1014;N;30;30;30;30;30;30;30;30;30;30;30;30;30
1014;Min;0.0;0.0;0.0;0.0;0.0;0.0;0.0;0.0;0.0;0.0;0.0;0.0;4.0
1014;Q1;0.0;0.0;0.0;0.0;0.0;0.0;0.0;0.0;0.0;0.0;0.0;0.2;8.0
1014;Q2;1.0;0.0;0.0;0.0;0.0;0.0;0.0;0.0;1.0;1.0;1.0;1.0;9.0
1014;Q3;1.0;1.0;0.0;1.0;1.0;1.0;0.6;0.6;1.0;1.0;2.0;2.0;12.0
1014;Q4;1.0;1.0;1.0;2.0;1.0;1.0;1.0;2.0;1.8;2.8;3.0;3.0;15.0
1014;Max;5.0;4.0;2.0;4.0;4.0;3.0;2.0;3.0;3.0;6.0;5.0;5.0;20.0
1014;Mn;1.0;1.0;0.0;0.5;1.0;0.0;0.0;0.0;1.0;1.0;1.0;1.5;10.5
1014;Md;1.0;0.9;0.4;0.9;0.8;0.6;0.5;0.7;0.9;1.4;1.5;1.7;11.3
1014;S;1.17;1.09;0.56;1.11;0.90;0.85;0.73;0.95;0.78;1.68;1.38;1.32;3.93
1014;Cv;1.17;1.22;1.41;1.28;1.17;1.34;1.37;1.36;0.84;1.17;0.94;0.77;0.35
1024E;N;30;30;30;30;30;30;30;30;30;30;30;30;30
1024E;Min;0.0;0.0;0.0;0.0;0.0;0.0;0.0;0.0;0.0;0.0;0.0;0.0;2.0
1024E;Q1;0.0;0.0;0.0;0.0;0.0;0.0;0.0;0.0;0.0;0.0;0.0;0.0;6.0
1024E;Q2;0.0;0.0;0.0;0.0;0.0;0.0;0.0;0.0;0.0;1.0;1.0;0.0;7.0
1024E;Q3;1.0;0.0;0.0;1.0;0.0;0.0;0.0;1.0;1.0;1.0;2.0;1.0;9.6
1024E;Q4;1.0;1.0;1.0;1.0;1.0;1.0;1.0;1.0;2.0;2.0;2.0;2.0;11.0
1024E;Max;2.0;2.0;1.0;3.0;3.0;3.0;2.0;6.0;3.0;6.0;3.0;3.0;14.0
1024E;Mn;1.0;0.0;0.0;0.0;0.0;0.0;0.0;1.0;0.5;1.0;1.0;1.0;8.0
1024E;Md;0.7;0.3;0.3;0.6;0.6;0.5;0.3;0.8;0.8;1.3;1.3;1.1;8.5
1024E;S;0.74;0.66;0.45;0.77;0.93;0.86;0.53;1.16;0.96;1.36;1.14;1.16;3.05
1024E;Cv;1.01;1.98;1.69;1.28;1.55;1.84;1.78;1.45;1.20;1.08;0.90;1.05;0.36
0367;N;30;30;29;29;29;29;29;29;29;30;30;30;28
0367;Min;0.0;0.0;0.0;0.0;0.0;0.0;0.0;0.0;0.0;0.0;0.0;0.0;0.0
0367;Q1;0.0;0.0;0.0;0.0;0.0;0.0;0.0;0.0;0.0;0.0;0.0;0.0;3.0
0367;Q2;0.0;0.0;0.0;0.0;0.0;0.0;0.0;0.0;0.0;0.0;0.0;0.0;4.0
0367;Q3;1.0;0.0;0.0;0.0;0.0;0.0;0.0;0.0;1.0;1.0;1.0;0.0;5.4
0367;Q4;1.8;0.8;1.0;1.0;1.0;1.0;1.0;1.0;1.0;1.0;1.0;1.0;9.0
0367;Max;2.0;3.0;1.0;2.0;2.0;4.0;2.0;2.0;3.0;3.0;3.0;3.0;10.0
0367;Mn;0.0;0.0;0.0;0.0;0.0;0.0;0.0;0.0;0.0;0.5;0.0;0.0;4.5
0367;Md;0.6;0.3;0.2;0.4;0.4;0.3;0.3;0.3;0.6;0.7;0.6;0.5;5.3
0367;S;0.81;0.64;0.41;0.63;0.62;0.86;0.59;0.53;0.78;0.91;0.89;0.86;2.68
0367;Cv;1.28;2.40;1.99;1.52;1.64;2.48;2.14;1.91;1.33;1.24;1.41;1.72;0.51
5530E;N;30;30;30;29;30;30;30;30;30;29;30;29;28
5530E;Min;0.0;0.0;0.0;0.0;0.0;0.0;0.0;0.0;0.0;0.0;0.0;0.0;0.0
5530E;Q1;0.0;0.0;0.0;0.0;0.0;0.0;0.0;0.0;0.0;0.0;0.0;0.0;0.0
5530E;Q2;0.0;0.0;0.0;0.0;0.0;0.0;0.0;0.0;0.0;0.0;0.0;0.0;0.0
5530E;Q3;0.0;0.0;0.0;0.0;0.0;0.0;0.0;0.0;0.0;0.0;0.0;0.0;1.0
5530E;Q4;0.0;0.0;0.0;0.0;0.0;0.0;0.0;0.0;0.0;0.0;0.0;0.0;1.0
5530E;Max;1.0;1.0;1.0;1.0;1.0;1.0;0.0;0.0;1.0;1.0;1.0;3.0;3.0
5530E;Mn;0.0;0.0;0.0;0.0;0.0;0.0;0.0;0.0;0.0;0.0;0.0;0.0;0.0
5530E;Md;0.0;0.0;0.1;0.0;0.1;0.0;0.0;0.0;0.1;0.1;0.1;0.1;0.7
5530E;S;0.18;0.18;0.25;0.19;0.25;0.18;0.00;0.00;0.25;0.31;0.31;0.58;0.90
5530E;Cv;5.48;5.48;3.81;5.39;3.81;5.48;-;-;3.81;3.00;3.05;4.21;1.33
5514;N;30;30;30;30;30;30;30;30;30;30;30;30;30
5514;Min;0.0;0.0;0.0;0.0;0.0;0.0;0.0;0.0;0.0;0.0;0.0;0.0;0.0
5514;Q1;0.0;0.0;0.0;0.0;0.0;0.0;0.0;0.0;0.0;0.0;0.0;0.0;0.0
5514;Q2;0.0;0.0;0.0;0.0;0.0;0.0;0.0;0.0;0.0;0.0;0.0;0.0;0.0
5514;Q3;0.0;0.0;0.0;0.0;0.0;0.0;0.0;0.0;0.0;0.0;0.0;0.0;1.0
5514;Q4;0.0;0.0;0.0;0.0;0.0;0.0;0.0;0.0;0.0;0.0;0.0;0.0;1.8
5514;Max;1.0;0.0;1.0;1.0;1.0;1.0;0.0;0.0;1.0;2.0;1.0;2.0;3.0
5514;Mn;0.0;0.0;0.0;0.0;0.0;0.0;0.0;0.0;0.0;0.0;0.0;0.0;0.5
5514;Md;0.1;0.0;0.1;0.1;0.1;0.0;0.0;0.0;0.1;0.1;0.1;0.1;0.8
5514;S;0.25;0.00;0.25;0.31;0.31;0.18;0.00;0.00;0.35;0.40;0.25;0.40;0.94
5514;Cv;3.81;-;3.81;3.05;3.05;5.48;-;-;2.59;4.03;3.81;4.03;1.22
3013;N;29;29;29;30;30;29;30;30;30;29;29;29;28
3013;Min;0.0;0.0;0.0;0.0;0.0;0.0;0.0;0.0;0.0;0.0;0.0;0.0;0.0
3013;Q1;0.0;0.0;0.0;0.0;0.0;0.0;0.0;0.0;0.0;0.0;0.0;0.0;0.0
3013;Q2;0.0;0.0;0.0;0.0;0.0;0.0;0.0;0.0;0.0;0.0;0.0;0.0;0.0
3013;Q3;0.0;0.0;0.0;0.0;0.0;0.0;0.0;0.0;0.0;0.0;0.0;0.0;1.0
3013;Q4;0.0;0.0;0.0;0.0;0.0;0.0;0.0;0.0;0.0;0.0;0.0;0.0;2.0
3013;Max;0.0;0.0;0.0;1.0;2.0;1.0;1.0;1.0;2.0;0.0;1.0;0.0;3.0
3013;Mn;0.0;0.0;0.0;0.0;0.0;0.0;0.0;0.0;0.0;0.0;0.0;0.0;0.0
3013;Md;0.0;0.0;0.0;0.1;0.3;0.1;0.0;0.1;0.2;0.0;0.1;0.0;0.8
3013;S;0.00;0.00;0.00;0.25;0.64;0.26;0.18;0.25;0.48;0.00;0.26;0.00;0.97
3013;Cv;-;-;-;3.81;2.40;3.74;5.48;3.81;2.42;-;3.74;-;1.29
4642E;N;26;26;26;26;26;27;27;27;27;27;27;27;26
4642E;Min;0.0;0.0;0.0;0.0;0.0;0.0;0.0;0.0;0.0;0.0;0.0;0.0;0.0
4642E;Q1;0.0;0.0;0.0;0.0;0.0;0.0;0.0;0.0;0.0;0.0;0.0;0.0;1.0
4642E;Q2;0.0;0.0;0.0;0.0;0.0;0.0;0.0;0.0;0.0;0.0;0.0;0.0;1.8
4642E;Q3;0.0;0.0;0.0;0.0;0.0;0.0;0.0;0.0;0.0;0.0;0.0;0.0;4.0
4642E;Q4;1.0;0.0;0.0;0.0;0.0;0.0;0.0;0.0;0.0;1.0;1.0;1.4;4.0
4642E;Max;2.0;3.0;1.0;1.0;1.0;1.0;0.0;0.0;1.0;2.0;3.0;4.0;8.0
4642E;Mn;0.0;0.0;0.0;0.0;0.0;0.0;0.0;0.0;0.0;0.0;0.0;0.0;3.0
4642E;Md;0.3;0.3;0.2;0.1;0.1;0.1;0.0;0.0;0.1;0.4;0.4;0.6;2.7
4642E;S;0.56;0.84;0.37;0.33;0.33;0.27;0.00;0.00;0.36;0.56;0.80;1.18;2.09
4642E;Cv;1.62;2.72;2.39;2.82;2.82;3.60;-;-;2.44;1.53;1.80;1.88;0.77
9898;N;29;29;29;29;28;27;29;29;29;29;28;29;26
9898;Min;0.0;0.0;0.0;0.0;0.0;0.0;0.0;0.0;0.0;0.0;0.0;0.0;0.0
9898;Q1;0.0;0.0;0.0;0.0;0.0;0.0;0.0;0.0;0.0;0.0;0.0;0.0;1.0
9898;Q2;0.0;0.0;0.0;0.0;0.0;0.0;0.0;0.0;0.0;0.0;0.0;0.0;1.0
9898;Q3;0.0;0.0;0.0;0.0;0.0;0.0;0.0;0.0;0.0;0.0;0.0;0.0;2.0
9898;Q4;0.0;0.0;0.0;0.0;0.0;0.0;0.0;0.0;1.0;1.0;0.0;0.0;2.6
9898;Max;1.0;0.0;1.0;2.0;1.0;2.0;1.0;2.0;1.0;1.0;1.0;1.0;4.0
9898;Mn;0.0;0.0;0.0;0.0;0.0;0.0;0.0;0.0;0.0;0.0;0.0;0.0;1.0
9898;Md;0.0;0.0;0.1;0.2;0.1;0.1;0.1;0.1;0.3;0.3;0.1;0.1;1.6
9898;S;0.19;0.00;0.31;0.47;0.31;0.38;0.26;0.44;0.45;0.47;0.31;0.35;1.27
9898;Cv;5.39;-;3.00;2.72;2.94;5.20;3.74;3.20;1.65;1.52;2.94;2.54;0.78
5270B;N;24;23;24;25;25;23;26;25;26;26;27;26;20
5270B;Min;0.0;0.0;0.0;0.0;0.0;0.0;0.0;0.0;0.0;0.0;0.0;0.0;0.0
5270B;Q1;0.0;0.0;0.0;0.0;0.0;0.0;0.0;0.0;0.0;0.0;0.0;0.0;0.0
5270B;Q2;0.0;0.0;0.0;0.0;0.0;0.0;0.0;0.0;0.0;0.0;0.0;0.0;1.0
5270B;Q3;0.0;0.0;0.0;0.0;0.0;0.0;0.0;0.0;0.0;0.0;0.0;0.0;2.6
5270B;Q4;0.0;0.0;1.0;0.0;0.0;0.0;0.0;0.0;0.6;1.0;1.0;1.0;5.0
5270B;Max;1.0;1.0;1.0;3.0;1.0;1.0;0.0;1.0;1.0;2.0;1.0;4.0;6.0
5270B;Mn;0.0;0.0;0.0;0.0;0.0;0.0;0.0;0.0;0.0;0.0;0.0;0.0;1.5
5270B;Md;0.2;0.1;0.2;0.2;0.2;0.1;0.0;0.1;0.2;0.3;0.2;0.5;2.2
5270B;S;0.38;0.29;0.41;0.65;0.37;0.29;0.00;0.28;0.40;0.56;0.42;1.03;2.12
5270B;Cv;2.28;3.31;1.99;3.23;2.34;3.31;-;3.46;2.09;1.62;1.91;2.23;0.96
9170;N;30;29;30;30;30;30;30;30;30;30;30;30;29
9170;Min;0.0;0.0;0.0;0.0;0.0;0.0;0.0;0.0;0.0;0.0;0.0;0.0;0.0
9170;Q1;0.0;0.0;0.0;0.0;0.0;0.0;0.0;0.0;0.0;0.0;0.0;0.0;0.0
9170;Q2;0.0;0.0;0.0;0.0;0.0;0.0;0.0;0.0;0.0;0.0;0.0;0.0;1.0
9170;Q3;0.0;0.0;0.0;0.0;0.0;0.0;0.0;0.0;0.0;0.0;0.0;0.0;1.0
9170;Q4;0.0;0.0;0.0;0.0;0.0;1.0;0.8;0.0;0.0;0.0;0.0;0.0;2.0
9170;Max;1.0;0.0;1.0;1.0;1.0;1.0;1.0;1.0;1.0;1.0;1.0;1.0;3.0
9170;Mn;0.0;0.0;0.0;0.0;0.0;0.0;0.0;0.0;0.0;0.0;0.0;0.0;1.0
9170;Md;0.0;0.0;0.0;0.1;0.0;0.3;0.2;0.0;0.1;0.0;0.1;0.0;0.9
9170;S;0.18;0.00;0.18;0.25;0.18;0.45;0.41;0.18;0.31;0.18;0.25;0.18;0.88
9170;Cv;5.48;-;5.48;3.81;5.48;1.69;2.03;5.48;3.05;5.48;3.81;5.48;0.95
C249I;N;30;30;30;30;30;30;30;30;30;30;30;30;30
C249I;Min;0.0;0.0;0.0;0.0;0.0;0.0;0.0;0.0;0.0;0.0;0.0;0.0;0.0
C249I;Q1;0.0;0.0;0.0;0.0;0.0;0.0;0.0;0.0;0.0;0.0;0.0;0.0;0.0
C249I;Q2;0.0;0.0;0.0;0.0;0.0;0.0;0.0;0.0;0.0;0.0;0.0;0.0;0.0
C249I;Q3;0.0;0.0;0.0;0.0;0.0;0.0;0.0;0.0;0.0;0.0;0.0;0.0;0.0
C249I;Q4;0.0;0.0;0.0;0.0;0.0;0.0;0.0;0.0;0.0;0.0;0.0;0.0;1.0
C249I;Max;1.0;2.0;1.0;0.0;0.0;0.0;0.0;0.0;0.0;1.0;1.0;2.0;2.0
C249I;Mn;0.0;0.0;0.0;0.0;0.0;0.0;0.0;0.0;0.0;0.0;0.0;0.0;0.0
C249I;Md;0.0;0.1;0.1;0.0;0.0;0.0;0.0;0.0;0.0;0.0;0.1;0.2;0.5
C249I;S;0.18;0.40;0.25;0.00;0.00;0.00;0.00;0.00;0.00;0.18;0.25;0.53;0.73
C249I;Cv;5.48;4.03;3.81;-;-;-;-;-;-;5.48;3.81;3.18;1.56
C649I;N;30;30;30;30;30;30;30;30;30;29;29;30;28
C649I;Min;0.0;0.0;0.0;0.0;0.0;0.0;0.0;0.0;0.0;0.0;0.0;0.0;0.0
C649I;Q1;0.0;0.0;0.0;0.0;0.0;0.0;0.0;0.0;0.0;0.0;0.0;0.0;0.0
C649I;Q2;0.0;0.0;0.0;0.0;0.0;0.0;0.0;0.0;0.0;0.0;0.0;0.0;0.0
C649I;Q3;0.0;0.0;0.0;0.0;0.0;0.0;0.0;0.0;0.0;0.0;0.0;0.0;1.0
C649I;Q4;0.0;0.0;0.0;0.0;0.0;0.0;0.0;0.0;0.0;0.0;0.0;0.0;2.0
C649I;Max;1.0;1.0;1.0;0.0;0.0;0.0;0.0;0.0;1.0;1.0;2.0;2.0;3.0
C649I;Mn;0.0;0.0;0.0;0.0;0.0;0.0;0.0;0.0;0.0;0.0;0.0;0.0;0.5
C649I;Md;0.1;0.1;0.0;0.0;0.0;0.0;0.0;0.0;0.1;0.1;0.2;0.2;0.8
C649I;S;0.31;0.31;0.18;0.00;0.00;0.00;0.00;0.00;0.25;0.26;0.54;0.48;0.92
C649I;Cv;3.05;3.05;5.48;-;-;-;-;-;3.81;3.74;3.13;2.42;1.17
C029O;N;30;30;30;30;30;30;30;30;30;30;30;30;30
C029O;Min;0.0;0.0;0.0;0.0;0.0;0.0;0.0;0.0;0.0;0.0;0.0;0.0;0.0
C029O;Q1;0.0;0.0;0.0;0.0;0.0;0.0;0.0;0.0;0.0;0.0;0.0;0.0;0.0
C029O;Q2;0.0;0.0;0.0;0.0;0.0;0.0;0.0;0.0;0.0;0.0;0.0;0.0;0.0
C029O;Q3;0.0;0.0;0.0;0.0;0.0;0.0;0.0;0.0;0.0;0.0;0.0;0.0;0.0
C029O;Q4;0.0;0.0;0.0;0.0;0.0;0.0;0.0;0.0;0.0;0.0;0.0;0.0;1.0
C029O;Max;0.0;1.0;1.0;0.0;0.0;0.0;0.0;0.0;0.0;0.0;1.0;2.0;2.0
C029O;Mn;0.0;0.0;0.0;0.0;0.0;0.0;0.0;0.0;0.0;0.0;0.0;0.0;0.0
C029O;Md;0.0;0.1;0.0;0.0;0.0;0.0;0.0;0.0;0.0;0.0;0.0;0.2;0.3
C029O;S;0.00;0.31;0.18;0.00;0.00;0.00;0.00;0.00;0.00;0.00;0.18;0.46;0.61
C029O;Cv;-;3.05;5.48;-;-;-;-;-;-;-;5.48;2.77;1.82
2661;N;30;30;30;30;30;30;30;30;30;30;30;30;30
2661;Min;0.0;0.0;0.0;0.0;0.0;0.0;0.0;0.0;0.0;0.0;0.0;0.0;0.0
2661;Q1;0.0;0.0;0.0;0.0;0.0;0.0;0.0;0.0;0.0;0.0;0.0;0.0;0.0
2661;Q2;0.0;0.0;0.0;0.0;0.0;0.0;0.0;0.0;0.0;0.0;0.0;0.0;1.0
2661;Q3;0.0;0.0;0.0;0.0;0.0;0.0;0.0;0.0;0.0;0.0;0.0;0.0;1.0
2661;Q4;0.0;0.0;0.0;0.0;0.0;0.0;0.0;0.0;0.0;0.0;0.0;0.8;2.0
2661;Max;2.0;0.0;0.0;1.0;1.0;1.0;1.0;1.0;3.0;1.0;2.0;2.0;4.0
2661;Mn;0.0;0.0;0.0;0.0;0.0;0.0;0.0;0.0;0.0;0.0;0.0;0.0;1.0
2661;Md;0.1;0.0;0.0;0.0;0.0;0.0;0.1;0.1;0.2;0.2;0.2;0.3;1.2
2661;S;0.43;0.00;0.00;0.18;0.18;0.18;0.25;0.25;0.66;0.38;0.48;0.58;1.16
2661;Cv;3.26;-;-;5.48;5.48;5.48;3.81;3.81;3.32;2.27;2.42;2.19;0.96
1549;N;30;30;30;30;30;30;30;30;30;30;30;30;30
1549;Min;0.0;0.0;0.0;0.0;0.0;0.0;0.0;0.0;0.0;0.0;0.0;0.0;0.0
1549;Q1;0.0;0.0;0.0;0.0;0.0;0.0;0.0;0.0;0.0;0.0;0.0;0.0;0.2
1549;Q2;0.0;0.0;0.0;0.0;0.0;0.0;0.0;0.0;0.0;0.0;0.0;0.0;2.0
1549;Q3;0.0;0.0;0.0;0.0;0.0;0.0;0.0;0.0;0.0;0.0;0.0;0.0;2.0
1549;Q4;0.0;0.0;0.0;0.0;0.0;0.0;0.0;0.0;0.0;1.0;1.0;0.8;3.0
1549;Max;1.0;3.0;3.0;0.0;0.0;1.0;1.0;1.0;2.0;2.0;2.0;2.0;5.0
1549;Mn;0.0;0.0;0.0;0.0;0.0;0.0;0.0;0.0;0.0;0.0;0.0;0.0;2.0
1549;Md;0.2;0.2;0.1;0.0;0.0;0.1;0.1;0.0;0.2;0.4;0.4;0.2;2.0
1549;S;0.38;0.63;0.55;0.00;0.00;0.35;0.35;0.18;0.46;0.61;0.62;0.50;1.40
1549;Cv;2.27;2.68;5.48;-;-;2.59;2.59;5.48;2.77;1.68;1.55;2.16;0.71
9771C;N;27;28;28;28;28;28;28;28;28;28;28;28;27
9771C;Min;0.0;0.0;0.0;0.0;0.0;0.0;0.0;0.0;0.0;0.0;0.0;0.0;0.0
9771C;Q1;0.0;0.0;0.0;0.0;0.0;0.0;0.0;0.0;0.0;0.0;0.0;0.0;0.0
9771C;Q2;0.0;0.0;0.0;0.0;0.0;0.0;0.0;0.0;0.0;0.0;0.0;0.0;1.0
9771C;Q3;0.0;0.0;0.0;0.0;0.0;0.0;0.0;0.0;0.0;0.0;0.0;0.0;1.0
9771C;Q4;0.0;0.0;0.0;0.2;0.0;0.0;0.0;0.0;1.0;0.0;0.0;0.0;2.0
9771C;Max;1.0;1.0;1.0;2.0;1.0;1.0;1.0;1.0;1.0;1.0;1.0;1.0;3.0
9771C;Mn;0.0;0.0;0.0;0.0;0.0;0.0;0.0;0.0;0.0;0.0;0.0;0.0;1.0
9771C;Md;0.0;0.0;0.0;0.2;0.1;0.1;0.0;0.1;0.4;0.1;0.1;0.1;1.3
9771C;S;0.19;0.19;0.19;0.50;0.26;0.31;0.19;0.31;0.49;0.36;0.26;0.26;0.99
9771C;Cv;5.20;5.29;5.29;2.33;3.67;2.94;5.29;2.94;1.37;2.49;3.67;3.67;0.77
1505;N;24;24;24;24;25;25;25;26;26;26;25;25;23
1505;Min;0.0;0.0;0.0;0.0;0.0;0.0;0.0;0.0;0.0;0.0;0.0;0.0;0.0
1505;Q1;0.0;0.0;0.0;0.0;0.0;0.0;0.0;0.0;0.0;0.0;0.0;0.0;1.8
1505;Q2;0.0;0.0;0.0;0.0;0.0;0.0;0.0;0.0;0.0;0.0;0.0;0.0;2.6
1505;Q3;0.0;0.0;0.0;0.0;0.0;0.0;0.0;0.0;0.0;1.0;1.0;1.0;4.0
1505;Q4;1.0;0.0;0.0;1.0;0.0;0.0;0.0;0.0;0.6;1.6;1.0;1.0;5.2
1505;Max;2.0;2.0;2.0;2.0;1.0;3.0;1.0;1.0;2.0;4.0;2.0;3.0;9.0
1505;Mn;0.0;0.0;0.0;0.0;0.0;0.0;0.0;0.0;0.0;1.0;0.0;0.0;4.0
1505;Md;0.3;0.2;0.2;0.3;0.1;0.2;0.1;0.1;0.2;0.9;0.5;0.6;3.5
1505;S;0.55;0.48;0.59;0.53;0.28;0.62;0.33;0.27;0.51;1.14;0.59;0.81;2.13
1505;Cv;1.89;2.89;2.82;2.13;3.46;3.90;2.76;3.53;2.23;1.29;1.13;1.27;0.60
3191E;N;28;27;27;27;29;27;28;28;29;29;28;26;25
3191E;Min;0.0;0.0;0.0;0.0;0.0;0.0;0.0;0.0;0.0;0.0;0.0;0.0;0.0
3191E;Q1;0.0;0.0;0.0;0.0;0.0;0.0;0.0;0.0;0.0;0.0;0.0;0.0;0.2
3191E;Q2;0.0;0.0;0.0;0.0;0.0;0.0;0.0;0.0;0.0;0.0;0.0;0.0;1.0
3191E;Q3;0.0;0.0;0.0;0.0;0.0;0.0;0.0;0.0;0.0;1.0;0.0;0.0;2.0
3191E;Q4;0.0;0.0;0.0;0.4;0.0;0.0;0.0;0.0;0.0;1.0;1.0;1.0;3.0
3191E;Max;3.0;0.0;0.0;1.0;1.0;1.0;0.0;1.0;2.0;2.0;3.0;2.0;6.0
3191E;Mn;0.0;0.0;0.0;0.0;0.0;0.0;0.0;0.0;0.0;0.0;0.0;0.0;2.0
3191E;Md;0.2;0.0;0.0;0.2;0.1;0.1;0.0;0.1;0.2;0.5;0.4;0.3;2.0
3191E;S;0.67;0.00;0.00;0.40;0.31;0.27;0.00;0.31;0.56;0.57;0.88;0.62;1.85
3191E;Cv;3.75;-;-;2.14;3.00;3.60;-;2.94;2.70;1.19;2.05;2.01;0.92
3129;N;30;30;30;30;30;30;30;30;30;30;30;30;30
3129;Min;0.0;0.0;0.0;0.0;0.0;0.0;0.0;0.0;0.0;0.0;0.0;0.0;0.0
3129;Q1;0.0;0.0;0.0;0.0;0.0;0.0;0.0;0.0;0.0;0.0;0.0;0.0;0.0
3129;Q2;0.0;0.0;0.0;0.0;0.0;0.0;0.0;0.0;0.0;0.0;0.0;0.0;0.0
3129;Q3;0.0;0.0;0.0;0.0;0.0;0.0;0.0;0.0;0.0;0.0;0.0;0.0;0.6
3129;Q4;0.0;0.0;0.0;0.0;0.0;0.0;0.0;0.0;0.0;0.0;0.0;0.0;2.0
3129;Max;1.0;1.0;0.0;0.0;1.0;0.0;0.0;0.0;1.0;2.0;2.0;1.0;2.0
3129;Mn;0.0;0.0;0.0;0.0;0.0;0.0;0.0;0.0;0.0;0.0;0.0;0.0;0.0
3129;Md;0.0;0.0;0.0;0.0;0.1;0.0;0.0;0.0;0.1;0.2;0.2;0.0;0.6
3129;S;0.18;0.18;0.00;0.00;0.25;0.00;0.00;0.00;0.31;0.48;0.46;0.18;0.85
3129;Cv;5.48;5.48;-;-;3.81;-;-;-;3.05;2.42;2.77;5.48;1.34
3196;N;30;30;30;30;30;30;30;30;30;30;30;30;30
3196;Min;0.0;0.0;0.0;0.0;0.0;0.0;0.0;0.0;0.0;0.0;0.0;0.0;0.0
3196;Q1;0.0;0.0;0.0;0.0;0.0;0.0;0.0;0.0;0.0;0.0;0.0;0.0;0.0
3196;Q2;0.0;0.0;0.0;0.0;0.0;0.0;0.0;0.0;0.0;0.0;0.0;0.0;0.0
3196;Q3;0.0;0.0;0.0;0.0;0.0;0.0;0.0;0.0;0.0;0.0;0.0;0.0;1.0
3196;Q4;0.0;0.0;0.0;0.0;0.0;0.0;0.0;0.0;0.0;0.0;0.0;0.0;1.0
3196;Max;1.0;1.0;1.0;1.0;1.0;1.0;1.0;0.0;1.0;2.0;1.0;1.0;4.0
3196;Mn;0.0;0.0;0.0;0.0;0.0;0.0;0.0;0.0;0.0;0.0;0.0;0.0;0.0
3196;Md;0.0;0.0;0.0;0.0;0.1;0.0;0.0;0.0;0.1;0.2;0.2;0.1;0.8
3196;S;0.18;0.18;0.18;0.18;0.25;0.18;0.18;0.00;0.31;0.53;0.38;0.31;1.24
3196;Cv;5.48;5.48;5.48;5.48;3.81;5.48;5.48;-;3.05;3.18;2.27;3.05;1.55
3200;N;30;30;30;30;30;30;30;30;30;30;30;30;30
3200;Min;0.0;0.0;0.0;0.0;0.0;0.0;0.0;0.0;0.0;0.0;0.0;0.0;0.0
3200;Q1;0.0;0.0;0.0;0.0;0.0;0.0;0.0;0.0;0.0;0.0;0.0;0.0;0.0
3200;Q2;0.0;0.0;0.0;0.0;0.0;0.0;0.0;0.0;0.0;0.0;0.0;0.0;0.0
3200;Q3;0.0;0.0;0.0;0.0;0.0;0.0;0.0;0.0;0.0;0.0;0.0;0.0;0.0
3200;Q4;0.0;0.0;0.0;0.0;0.0;0.0;0.0;0.0;0.0;0.0;0.0;0.0;1.0
3200;Max;1.0;0.0;1.0;1.0;1.0;0.0;1.0;1.0;1.0;1.0;1.0;1.0;3.0
3200;Mn;0.0;0.0;0.0;0.0;0.0;0.0;0.0;0.0;0.0;0.0;0.0;0.0;0.0
3200;Md;0.0;0.0;0.0;0.0;0.1;0.0;0.0;0.1;0.1;0.0;0.1;0.0;0.5
3200;S;0.18;0.00;0.18;0.18;0.25;0.00;0.18;0.25;0.31;0.18;0.25;0.18;0.78
3200;Cv;5.48;-;5.48;5.48;3.81;-;5.48;3.81;3.05;5.48;3.81;5.48;1.55
3195;N;30;30;30;30;30;30;30;30;30;30;30;30;30
3195;Min;0.0;0.0;0.0;0.0;0.0;0.0;0.0;0.0;0.0;0.0;0.0;0.0;0.0
3195;Q1;0.0;0.0;0.0;0.0;0.0;0.0;0.0;0.0;0.0;0.0;0.0;0.0;0.0
3195;Q2;0.0;0.0;0.0;0.0;0.0;0.0;0.0;0.0;0.0;0.0;0.0;0.0;0.0
3195;Q3;0.0;0.0;0.0;0.0;0.0;0.0;0.0;0.0;0.0;0.0;0.0;0.0;1.0
3195;Q4;0.0;0.0;0.0;0.0;0.0;0.0;0.0;0.0;0.0;0.0;1.0;0.0;1.8
3195;Max;1.0;1.0;1.0;0.0;2.0;0.0;1.0;0.0;1.0;2.0;1.0;1.0;3.0
3195;Mn;0.0;0.0;0.0;0.0;0.0;0.0;0.0;0.0;0.0;0.0;0.0;0.0;0.5
3195;Md;0.0;0.0;0.0;0.0;0.1;0.0;0.0;0.0;0.1;0.2;0.2;0.0;0.8
3195;S;0.18;0.18;0.18;0.00;0.43;0.00;0.18;0.00;0.31;0.55;0.43;0.18;1.05
3195;Cv;5.48;5.48;5.48;-;3.26;-;5.48;-;3.05;2.75;1.84;5.48;1.26
3175;N;28;30;30;30;30;29;28;29;30;30;30;29;25
3175;Min;0.0;0.0;0.0;0.0;0.0;0.0;0.0;0.0;0.0;0.0;0.0;0.0;0.0
3175;Q1;0.0;0.0;0.0;0.0;0.0;0.0;0.0;0.0;0.0;0.0;0.0;0.0;0.0
3175;Q2;0.0;0.0;0.0;0.0;0.0;0.0;0.0;0.0;0.0;0.0;0.0;0.0;0.0
3175;Q3;0.0;0.0;0.0;0.0;0.0;0.0;0.0;0.0;0.0;0.0;0.0;0.0;1.0
3175;Q4;0.0;0.0;0.0;0.0;0.0;0.0;0.0;0.0;0.0;0.0;0.0;0.0;1.0
3175;Max;0.0;1.0;1.0;1.0;2.0;0.0;1.0;0.0;1.0;1.0;1.0;0.0;2.0
3175;Mn;0.0;0.0;0.0;0.0;0.0;0.0;0.0;0.0;0.0;0.0;0.0;0.0;1.0
3175;Md;0.0;0.1;0.0;0.0;0.1;0.0;0.0;0.0;0.1;0.1;0.2;0.0;0.7
3175;S;0.00;0.25;0.18;0.18;0.43;0.00;0.19;0.00;0.31;0.31;0.38;0.00;0.75
3175;Cv;-;3.81;5.48;5.48;3.26;-;5.29;-;3.05;3.05;2.27;-;1.10
2462;N;30;30;30;30;30;30;30;30;30;30;30;30;30
2462;Min;0.0;0.0;0.0;0.0;0.0;0.0;0.0;0.0;0.0;0.0;0.0;0.0;2.0
2462;Q1;0.0;0.0;0.0;0.0;0.0;0.0;0.0;0.0;0.0;0.0;0.0;0.0;5.0
2462;Q2;0.0;0.0;0.0;0.0;0.0;0.0;0.0;0.0;0.0;1.0;1.0;1.0;7.0
2462;Q3;0.0;0.0;0.0;1.0;0.0;0.0;0.0;0.0;0.0;1.0;1.6;1.0;9.0
2462;Q4;2.0;1.0;1.0;1.8;1.0;1.0;0.0;0.0;1.0;2.0;3.0;3.0;11.8
2462;Max;7.0;3.0;2.0;3.0;3.0;2.0;1.0;1.0;1.0;4.0;6.0;6.0;19.0
2462;Mn;0.0;0.0;0.0;0.0;0.0;0.0;0.0;0.0;0.0;1.0;1.0;1.0;8.5
2462;Md;1.0;0.5;0.3;0.7;0.5;0.3;0.1;0.1;0.3;1.3;1.7;1.4;8.4
2462;S;1.71;0.82;0.55;1.01;0.82;0.61;0.35;0.25;0.47;1.21;1.82;1.50;3.73
2462;Cv;1.77;1.54;1.64;1.38;1.54;1.82;2.59;3.81;1.55;0.93;1.07;1.05;0.45
6155A;N;30;30;30;30;30;30;30;30;30;30;30;30;30
6155A;Min;0.0;0.0;0.0;0.0;0.0;0.0;0.0;0.0;0.0;0.0;0.0;0.0;0.0
6155A;Q1;0.0;0.0;0.0;0.0;0.0;0.0;0.0;0.0;0.0;0.0;0.0;0.0;2.0
6155A;Q2;0.0;0.0;0.0;0.0;0.0;0.0;0.0;0.0;0.0;0.0;0.4;0.0;2.4
6155A;Q3;0.0;1.0;0.0;0.0;0.0;0.0;0.0;0.0;0.0;0.0;1.0;1.0;5.0
6155A;Q4;1.0;1.0;1.0;1.0;0.0;0.0;0.0;0.0;0.0;1.0;2.0;2.0;7.0
6155A;Max;5.0;2.0;3.0;1.0;1.0;0.0;0.0;1.0;1.0;3.0;6.0;5.0;12.0
6155A;Mn;0.0;0.0;0.0;0.0;0.0;0.0;0.0;0.0;0.0;0.0;1.0;0.0;3.0
6155A;Md;0.5;0.5;0.4;0.2;0.0;0.0;0.0;0.0;0.1;0.5;1.1;1.0;4.5
6155A;S;1.11;0.63;0.67;0.43;0.18;0.00;0.00;0.18;0.31;0.82;1.41;1.44;3.28
6155A;Cv;2.07;1.18;1.82;1.84;5.48;-;-;5.48;3.05;1.64;1.24;1.44;0.73
6000A;N;30;30;30;30;30;29;30;30;30;30;30;30;29
6000A;Min;0.0;0.0;0.0;0.0;0.0;0.0;0.0;0.0;0.0;0.0;0.0;0.0;0.0
6000A;Q1;0.0;0.0;0.0;0.0;0.0;0.0;0.0;0.0;0.0;0.0;0.0;0.0;1.0
6000A;Q2;0.0;0.0;0.0;0.0;0.0;0.0;0.0;0.0;0.0;0.0;0.0;0.0;1.0
6000A;Q3;0.0;0.0;0.0;0.0;0.0;0.0;0.0;0.0;0.0;0.0;0.0;0.0;2.0
6000A;Q4;1.0;0.8;0.8;0.0;0.0;0.0;0.0;0.0;0.0;1.0;1.0;0.8;4.0
6000A;Max;2.0;3.0;2.0;2.0;1.0;2.0;0.0;0.0;1.0;3.0;2.0;2.0;6.0
6000A;Mn;0.0;0.0;0.0;0.0;0.0;0.0;0.0;0.0;0.0;0.0;0.0;0.0;1.0
6000A;Md;0.3;0.3;0.2;0.2;0.1;0.1;0.0;0.0;0.0;0.3;0.3;0.2;2.1
6000A;S;0.53;0.76;0.50;0.46;0.25;0.41;0.00;0.00;0.18;0.66;0.60;0.50;1.88
6000A;Cv;1.78;2.27;2.16;2.77;3.81;3.96;-;-;5.48;1.98;1.99;2.16;0.88
7178I;N;26;26;26;27;27;27;27;27;27;27;27;27;26
7178I;Min;0.0;0.0;0.0;0.0;0.0;0.0;0.0;0.0;0.0;0.0;0.0;0.0;0.0
7178I;Q1;0.0;0.0;0.0;0.0;0.0;0.0;0.0;0.0;0.0;0.0;0.0;0.0;1.0
7178I;Q2;0.0;0.0;0.0;0.0;0.0;0.0;0.0;0.0;0.0;0.0;0.0;0.0;1.0
7178I;Q3;0.0;0.0;0.0;0.0;0.0;0.0;0.0;0.0;0.0;0.0;0.0;0.0;1.0
7178I;Q4;0.0;0.0;0.0;0.0;0.0;0.0;0.0;0.0;1.0;0.0;0.0;0.0;3.0
7178I;Max;2.0;1.0;2.0;1.0;1.0;2.0;0.0;1.0;2.0;1.0;1.0;1.0;4.0
7178I;Mn;0.0;0.0;0.0;0.0;0.0;0.0;0.0;0.0;0.0;0.0;0.0;0.0;1.0
7178I;Md;0.1;0.2;0.2;0.1;0.0;0.1;0.0;0.0;0.3;0.1;0.1;0.1;1.5
7178I;S;0.43;0.37;0.49;0.32;0.19;0.46;0.00;0.19;0.54;0.36;0.32;0.36;1.17
7178I;Cv;3.74;2.39;2.56;2.88;5.20;3.08;-;5.20;1.83;2.44;2.88;2.44;0.76
7228;N;30;30;30;30;30;30;30;30;30;30;30;30;30
7228;Min;0.0;0.0;0.0;0.0;0.0;0.0;0.0;0.0;0.0;0.0;0.0;0.0;0.0
7228;Q1;0.0;0.0;0.0;0.0;0.0;0.0;0.0;0.0;0.0;0.0;0.0;0.0;0.0
7228;Q2;0.0;0.0;0.0;0.0;0.0;0.0;0.0;0.0;0.0;0.0;0.0;0.0;1.0
7228;Q3;0.0;0.0;0.0;0.0;0.0;0.0;0.0;0.0;0.0;0.0;0.0;0.0;2.0
7228;Q4;0.0;0.0;0.0;0.0;0.0;0.0;0.0;0.0;0.0;0.8;0.0;0.0;2.8
7228;Max;2.0;1.0;2.0;1.0;1.0;2.0;0.0;1.0;2.0;2.0;1.0;1.0;4.0
7228;Mn;0.0;0.0;0.0;0.0;0.0;0.0;0.0;0.0;0.0;0.0;0.0;0.0;1.0
7228;Md;0.1;0.2;0.1;0.1;0.0;0.2;0.0;0.0;0.2;0.2;0.1;0.1;1.5
7228;S;0.43;0.38;0.43;0.31;0.18;0.48;0.00;0.18;0.55;0.50;0.35;0.31;1.14
7228;Cv;3.26;2.27;3.26;3.05;5.48;2.42;-;5.48;2.75;2.16;2.59;3.05;0.77
7031;N;30;30;30;30;30;30;30;30;30;30;30;30;30
7031;Min;0.0;0.0;0.0;0.0;0.0;0.0;0.0;0.0;0.0;0.0;0.0;0.0;0.0
7031;Q1;0.0;0.0;0.0;0.0;0.0;0.0;0.0;0.0;0.0;0.0;0.0;0.0;1.0
7031;Q2;0.0;0.0;0.0;0.0;0.0;0.0;0.0;0.0;0.0;0.0;0.0;0.0;1.4
7031;Q3;0.0;0.0;0.0;0.0;0.0;0.0;0.0;0.0;0.0;0.0;0.0;0.0;2.0
7031;Q4;1.0;0.0;0.0;0.0;0.0;0.0;0.0;0.0;0.8;1.0;0.8;0.0;3.0
7031;Max;4.0;2.0;2.0;1.0;1.0;1.0;0.0;1.0;3.0;2.0;1.0;1.0;7.0
7031;Mn;0.0;0.0;0.0;0.0;0.0;0.0;0.0;0.0;0.0;0.0;0.0;0.0;2.0
7031;Md;0.4;0.1;0.1;0.1;0.1;0.0;0.0;0.1;0.3;0.4;0.2;0.2;2.0
7031;S;0.94;0.43;0.43;0.35;0.25;0.18;0.00;0.25;0.70;0.56;0.41;0.38;1.63
7031;Cv;2.16;3.26;3.26;2.59;3.81;5.48;-;3.81;2.34;1.52;2.03;2.27;0.80
9262;N;29;30;30;29;29;28;29;30;30;30;30;30;25
9262;Min;0.0;0.0;0.0;0.0;0.0;0.0;0.0;0.0;0.0;0.0;0.0;0.0;0.0
9262;Q1;0.0;0.0;0.0;0.0;0.0;0.0;0.0;0.0;0.0;0.0;0.0;0.0;1.0
9262;Q2;0.0;0.0;0.0;0.0;0.0;0.0;0.0;0.0;0.0;0.0;0.0;0.0;2.0
9262;Q3;0.0;0.0;0.0;0.0;0.0;0.0;0.0;0.0;0.0;0.0;0.0;0.0;2.6
9262;Q4;0.0;0.0;0.0;1.0;0.0;0.0;1.0;0.0;0.0;1.0;1.0;1.0;4.0
9262;Max;2.0;1.0;2.0;1.0;1.0;2.0;1.0;2.0;1.0;1.0;2.0;2.0;6.0
9262;Mn;0.0;0.0;0.0;0.0;0.0;0.0;0.0;0.0;0.0;0.0;0.0;0.0;2.0
9262;Md;0.2;0.1;0.2;0.2;0.1;0.2;0.2;0.2;0.1;0.3;0.3;0.3;2.5
9262;S;0.49;0.31;0.55;0.41;0.35;0.48;0.41;0.55;0.35;0.45;0.55;0.55;1.53
9262;Cv;2.37;3.05;2.75;1.99;2.54;2.66;1.99;2.75;2.59;1.69;1.64;1.64;0.62
9263D;N;28;30;29;29;30;30;30;30;30;30;30;30;26
9263D;Min;0.0;0.0;0.0;0.0;0.0;0.0;0.0;0.0;0.0;0.0;0.0;0.0;0.0
9263D;Q1;0.0;0.0;0.0;0.0;0.0;0.0;0.0;0.0;0.0;0.0;0.0;0.0;1.0
9263D;Q2;0.0;0.0;0.0;0.0;0.0;0.0;0.0;0.0;0.0;0.0;0.0;0.0;1.8
9263D;Q3;0.0;0.0;0.0;0.0;0.0;0.0;0.0;0.0;0.0;0.0;0.0;0.0;2.0
9263D;Q4;0.2;0.0;0.0;1.0;0.0;0.0;0.0;0.0;0.0;0.0;1.0;1.0;3.0
9263D;Max;2.0;0.0;1.0;1.0;1.0;2.0;1.0;2.0;1.0;2.0;3.0;1.0;7.0
9263D;Mn;0.0;0.0;0.0;0.0;0.0;0.0;0.0;0.0;0.0;0.0;0.0;0.0;2.0
9263D;Md;0.2;0.0;0.1;0.2;0.1;0.2;0.1;0.2;0.2;0.2;0.3;0.3;2.1
9263D;S;0.50;0.00;0.26;0.41;0.35;0.48;0.31;0.55;0.38;0.48;0.65;0.48;1.55
9263D;Cv;2.33;-;3.74;1.99;2.59;2.42;3.05;2.75;2.27;2.42;2.17;1.44;0.74
1690A;N;30;30;30;30;30;29;30;30;29;30;29;29;29
1690A;Min;0.0;0.0;0.0;0.0;0.0;0.0;0.0;0.0;0.0;0.0;0.0;0.0;0.0
1690A;Q1;0.0;0.0;0.0;0.0;0.0;0.0;0.0;0.0;0.0;0.0;0.0;0.0;1.0
1690A;Q2;0.0;0.0;0.0;0.0;0.0;0.0;0.0;0.0;0.0;0.0;0.0;0.0;2.0
1690A;Q3;0.0;0.0;0.0;0.0;0.0;0.0;0.0;0.0;0.0;1.0;0.0;0.0;3.0
1690A;Q4;0.8;0.0;0.0;0.0;0.0;0.0;0.0;0.0;1.0;1.0;1.0;1.0;4.0
1690A;Max;1.0;1.0;3.0;1.0;1.0;1.0;1.0;1.0;2.0;3.0;3.0;2.0;6.0
1690A;Mn;0.0;0.0;0.0;0.0;0.0;0.0;0.0;0.0;0.0;0.0;0.0;0.0;2.0
1690A;Md;0.2;0.2;0.2;0.0;0.1;0.1;0.1;0.1;0.3;0.6;0.3;0.4;2.7
1690A;S;0.41;0.38;0.59;0.18;0.25;0.35;0.25;0.25;0.60;0.81;0.72;0.63;1.54
1690A;Cv;2.03;2.27;3.55;5.48;3.81;2.54;3.81;3.81;1.95;1.28;2.09;1.52;0.58
1484C;N;25;25;25;25;25;25;25;25;25;26;26;26;25
1484C;Min;0.0;0.0;0.0;0.0;0.0;0.0;0.0;0.0;0.0;0.0;0.0;0.0;3.0
1484C;Q1;0.0;0.0;0.0;0.0;0.0;0.0;0.0;0.0;0.0;0.0;0.4;0.0;9.0
1484C;Q2;1.0;0.0;0.0;0.0;0.0;0.0;0.0;0.0;0.0;2.0;1.0;1.0;11.4
1484C;Q3;2.0;1.0;0.0;0.6;1.0;0.0;0.0;0.0;0.0;3.0;3.0;2.0;12.6
1484C;Q4;2.8;1.8;1.0;1.0;1.0;0.8;0.0;1.0;1.0;4.0;4.0;4.0;15.8
1484C;Max;3.0;3.0;7.0;3.0;2.0;3.0;2.0;2.0;4.0;6.0;7.0;8.0;23.0
1484C;Mn;1.0;0.0;0.0;0.0;0.0;0.0;0.0;0.0;0.0;2.0;1.5;2.0;12.0
1484C;Md;1.3;0.7;0.6;0.6;0.6;0.3;0.2;0.3;0.6;2.3;2.3;2.2;11.9
1484C;S;1.17;0.89;1.44;0.82;0.76;0.75;0.47;0.56;1.15;1.85;2.07;2.07;4.42
1484C;Cv;0.92;1.24;2.25;1.47;1.18;2.34;2.95;1.74;1.92;0.80;0.90;0.96;0.37
1495;N;30;30;30;30;30;30;30;30;30;30;29;30;29
1495;Min;0.0;0.0;0.0;0.0;0.0;0.0;0.0;0.0;0.0;0.0;0.0;0.0;6.0
1495;Q1;0.0;0.0;0.0;0.0;0.0;0.0;0.0;0.0;0.0;1.0;0.0;0.2;11.0
1495;Q2;1.0;1.0;0.0;0.0;0.0;0.0;0.0;0.0;0.0;2.0;1.0;2.0;14.0
1495;Q3;2.0;1.6;1.0;1.0;0.6;0.0;0.0;0.0;1.0;2.6;3.0;3.0;16.0
1495;Q4;3.8;2.0;2.0;2.0;1.0;0.0;1.0;1.0;1.8;4.0;6.0;3.0;20.0
1495;Max;5.0;4.0;8.0;5.0;2.0;2.0;1.0;1.0;5.0;6.0;8.0;11.0;27.0
1495;Mn;1.0;1.0;0.0;0.5;0.0;0.0;0.0;0.0;0.0;2.0;2.0;2.5;14.0
1495;Md;1.7;1.3;1.0;1.1;0.5;0.2;0.2;0.3;0.8;2.3;2.8;2.7;15.0
1495;S;1.56;1.09;1.71;1.39;0.73;0.48;0.43;0.45;1.21;1.65;2.54;2.68;5.20
1495;Cv;0.92;0.84;1.66;1.30;1.37;2.42;1.84;1.69;1.45;0.71;0.92;0.99;0.35
2867;N;30;30;30;30;30;30;30;30;30;30;30;30;30
2867;Min;0.0;0.0;0.0;0.0;0.0;0.0;0.0;0.0;0.0;0.0;0.0;0.0;0.0
2867;Q1;0.0;0.0;0.0;0.0;0.0;0.0;0.0;0.0;0.0;0.0;0.0;0.0;0.0
2867;Q2;0.0;0.0;0.0;0.0;0.0;0.0;0.0;0.0;0.0;0.0;0.0;0.0;0.0
2867;Q3;0.0;0.0;0.0;0.0;0.0;0.0;0.0;0.0;0.0;0.0;0.0;0.0;1.0
2867;Q4;0.0;0.0;0.0;0.0;0.0;0.0;0.0;0.0;0.0;0.0;0.0;0.0;1.0
2867;Max;0.0;0.0;0.0;0.0;1.0;1.0;0.0;0.0;2.0;1.0;1.0;0.0;2.0
2867;Mn;0.0;0.0;0.0;0.0;0.0;0.0;0.0;0.0;0.0;0.0;0.0;0.0;0.0
2867;Md;0.0;0.0;0.0;0.0;0.1;0.1;0.0;0.0;0.2;0.1;0.0;0.0;0.5
2867;S;0.00;0.00;0.00;0.00;0.31;0.35;0.00;0.00;0.48;0.25;0.18;0.00;0.63
2867;Cv;-;-;-;-;3.05;2.59;-;-;2.42;3.81;5.48;-;1.18
2870;N;20;18;16;20;21;18;20;20;20;19;20;18;4
2870;Min;0.0;0.0;0.0;0.0;0.0;0.0;0.0;0.0;0.0;0.0;0.0;0.0;
2870;Q1;0.0;0.0;0.0;0.0;0.0;0.0;0.0;0.0;0.0;0.0;0.0;0.0;
2870;Q2;0.0;0.0;0.0;0.0;0.0;0.0;0.0;0.0;0.0;0.0;0.0;0.0;
2870;Q3;0.0;0.0;0.0;0.0;0.0;0.0;0.0;0.0;0.0;0.0;0.0;0.0;
2870;Q4;0.0;0.0;0.0;0.0;0.0;1.0;0.0;0.0;0.0;0.0;0.0;0.0;
2870;Max;1.0;0.0;0.0;0.0;1.0;1.0;0.0;0.0;1.0;1.0;0.0;0.0;
2870;Mn;0.0;0.0;0.0;0.0;0.0;0.0;0.0;0.0;0.0;0.0;0.0;0.0;
2870;Md;0.1;0.0;0.0;0.0;0.0;0.2;0.0;0.0;0.1;0.1;0.0;0.0;
2870;S;0.22;0.00;0.00;0.00;0.22;0.43;0.00;0.00;0.31;0.23;0.00;0.00;
2870;Cv;4.47;-;-;-;4.58;1.93;-;-;3.08;4.36;-;-;
C929I;N;30;30;30;30;30;30;30;30;30;30;30;30;30
C929I;Min;0.0;0.0;0.0;0.0;0.0;0.0;0.0;0.0;0.0;0.0;0.0;0.0;0.0
C929I;Q1;0.0;0.0;0.0;0.0;0.0;0.0;0.0;0.0;0.0;0.0;0.0;0.0;0.0
C929I;Q2;0.0;0.0;0.0;0.0;0.0;0.0;0.0;0.0;0.0;0.0;0.0;0.0;1.0
C929I;Q3;0.0;0.0;0.0;0.0;0.0;0.0;0.0;0.0;0.0;0.0;0.0;0.0;1.0
C929I;Q4;0.0;0.0;0.0;0.0;0.0;0.0;0.0;0.0;0.0;0.0;0.0;1.0;2.8
C929I;Max;2.0;4.0;2.0;1.0;0.0;0.0;0.0;0.0;0.0;0.0;2.0;3.0;5.0
C929I;Mn;0.0;0.0;0.0;0.0;0.0;0.0;0.0;0.0;0.0;0.0;0.0;0.0;1.0
C929I;Md;0.2;0.3;0.2;0.1;0.0;0.0;0.0;0.0;0.0;0.0;0.3;0.4;1.4
C929I;S;0.46;0.84;0.48;0.25;0.00;0.00;0.00;0.00;0.00;0.00;0.64;0.76;1.56
C929I;Cv;2.77;2.79;2.42;3.81;-;-;-;-;-;-;2.40;2.09;1.14
C430E;N;28;29;29;29;30;30;30;30;30;30;28;30;25
C430E;Min;0.0;0.0;0.0;0.0;0.0;0.0;0.0;0.0;0.0;0.0;0.0;0.0;0.0
C430E;Q1;0.0;0.0;0.0;0.0;0.0;0.0;0.0;0.0;0.0;0.0;0.0;0.0;1.0
C430E;Q2;0.0;0.0;0.0;0.0;0.0;0.0;0.0;0.0;0.0;0.0;0.0;0.0;2.0
C430E;Q3;0.0;0.0;0.0;0.0;0.0;0.0;0.0;0.0;0.0;0.0;0.0;0.0;3.6
C430E;Q4;1.0;2.0;1.0;0.0;0.0;0.0;0.0;0.0;0.0;0.0;1.0;1.0;4.0
C430E;Max;2.0;4.0;2.0;1.0;0.0;0.0;0.0;1.0;1.0;3.0;3.0;3.0;7.0
C430E;Mn;0.0;0.0;0.0;0.0;0.0;0.0;0.0;0.0;0.0;0.0;0.0;0.0;2.0
C430E;Md;0.3;0.7;0.4;0.0;0.0;0.0;0.0;0.0;0.1;0.2;0.4;0.5;2.8
C430E;S;0.67;1.08;0.62;0.19;0.00;0.00;0.00;0.18;0.25;0.63;0.79;0.86;2.18
C430E;Cv;2.08;1.65;1.64;5.39;-;-;-;5.48;3.81;2.68;2.00;1.61;0.79
C139E;N;30;30;30;29;30;30;30;30;30;30;30;30;29
C139E;Min;0.0;0.0;0.0;0.0;0.0;0.0;0.0;0.0;0.0;0.0;0.0;0.0;0.0
C139E;Q1;0.0;0.0;0.0;0.0;0.0;0.0;0.0;0.0;0.0;0.0;0.0;0.0;1.0
C139E;Q2;0.0;0.0;0.0;0.0;0.0;0.0;0.0;0.0;0.0;0.0;0.0;0.0;2.0
C139E;Q3;0.0;0.0;0.0;0.0;0.0;0.0;0.0;0.0;0.0;0.0;0.0;1.0;2.0
C139E;Q4;1.0;1.0;0.0;0.0;0.0;0.0;0.0;0.0;0.0;1.0;1.0;1.0;4.0
C139E;Max;2.0;3.0;2.0;2.0;1.0;0.0;0.0;0.0;1.0;2.0;4.0;2.0;8.0
C139E;Mn;0.0;0.0;0.0;0.0;0.0;0.0;0.0;0.0;0.0;0.0;0.0;0.0;2.0
C139E;Md;0.3;0.5;0.2;0.1;0.0;0.0;0.0;0.0;0.1;0.3;0.5;0.6;2.6
C139E;S;0.52;0.90;0.48;0.44;0.18;0.00;0.00;0.00;0.31;0.66;1.07;0.73;1.80
C139E;Cv;1.95;1.93;2.42;3.20;5.48;-;-;-;3.05;1.98;2.01;1.28;0.71
C449C;N;30;30;30;30;30;30;30;30;29;30;30;30;29
C449C;Min;0.0;0.0;0.0;0.0;0.0;0.0;0.0;0.0;0.0;0.0;0.0;0.0;0.0
C449C;Q1;0.0;0.0;0.0;0.0;0.0;0.0;0.0;0.0;0.0;0.0;0.0;0.0;0.0
C449C;Q2;0.0;0.0;0.0;0.0;0.0;0.0;0.0;0.0;0.0;0.0;0.0;0.0;1.0
C449C;Q3;0.0;0.0;0.0;0.0;0.0;0.0;0.0;0.0;0.0;0.0;0.0;0.0;1.0
C449C;Q4;0.0;0.8;0.0;0.0;0.0;0.0;0.0;0.0;0.0;0.0;0.0;1.0;2.0
C449C;Max;2.0;1.0;1.0;0.0;0.0;0.0;0.0;0.0;1.0;2.0;1.0;2.0;4.0
C449C;Mn;0.0;0.0;0.0;0.0;0.0;0.0;0.0;0.0;0.0;0.0;0.0;0.0;1.0
C449C;Md;0.2;0.2;0.1;0.0;0.0;0.0;0.0;0.0;0.1;0.1;0.2;0.3;1.1
C449C;S;0.55;0.41;0.31;0.00;0.00;0.00;0.00;0.00;0.26;0.40;0.38;0.61;1.01
C449C;Cv;2.75;2.03;3.05;-;-;-;-;-;3.74;4.03;2.27;1.82;0.92
C447A;N;30;30;30;30;30;30;30;30;30;30;30;30;30
C447A;Min;0.0;0.0;0.0;0.0;0.0;0.0;0.0;0.0;0.0;0.0;0.0;0.0;0.0
C447A;Q1;0.0;0.0;0.0;0.0;0.0;0.0;0.0;0.0;0.0;0.0;0.0;0.0;1.0
C447A;Q2;0.0;0.0;0.0;0.0;0.0;0.0;0.0;0.0;0.0;0.0;0.0;0.0;2.0
C447A;Q3;0.6;0.0;0.0;0.0;0.0;0.0;0.0;0.0;0.0;0.0;1.0;0.0;3.6
C447A;Q4;2.0;1.0;1.0;0.0;0.0;0.0;0.0;0.0;0.0;0.0;1.0;1.0;5.0
C447A;Max;3.0;2.0;1.0;1.0;0.0;0.0;0.0;0.0;2.0;2.0;3.0;2.0;8.0
C447A;Mn;0.0;0.0;0.0;0.0;0.0;0.0;0.0;0.0;0.0;0.0;0.0;0.0;3.0
C447A;Md;0.7;0.4;0.3;0.1;0.0;0.0;0.0;0.0;0.1;0.2;0.6;0.4;2.9
C447A;S;1.01;0.56;0.45;0.35;0.00;0.00;0.00;0.00;0.40;0.48;0.85;0.63;2.28
C447A;Cv;1.38;1.41;1.69;2.59;-;-;-;-;4.03;2.42;1.34;1.44;0.79
C429I;N;30;30;30;29;30;30;30;30;30;29;30;30;29
C429I;Min;0.0;0.0;0.0;0.0;0.0;0.0;0.0;0.0;0.0;0.0;0.0;0.0;0.0
C429I;Q1;0.0;0.0;0.0;0.0;0.0;0.0;0.0;0.0;0.0;0.0;0.0;0.0;0.0
C429I;Q2;0.0;0.0;0.0;0.0;0.0;0.0;0.0;0.0;0.0;0.0;0.0;0.0;0.0
C429I;Q3;0.0;0.0;0.0;0.0;0.0;0.0;0.0;0.0;0.0;0.0;0.0;0.0;1.0
C429I;Q4;0.0;0.0;0.0;0.0;0.0;0.0;0.0;0.0;0.0;0.0;0.0;0.0;1.0
C429I;Max;1.0;1.0;1.0;0.0;0.0;0.0;0.0;0.0;0.0;1.0;2.0;3.0;3.0
C429I;Mn;0.0;0.0;0.0;0.0;0.0;0.0;0.0;0.0;0.0;0.0;0.0;0.0;0.0
C429I;Md;0.1;0.1;0.1;0.0;0.0;0.0;0.0;0.0;0.0;0.1;0.2;0.2;0.7
C429I;S;0.31;0.35;0.25;0.00;0.00;0.00;0.00;0.00;0.00;0.26;0.48;0.59;1.00
C429I;Cv;3.05;2.59;3.81;-;-;-;-;-;-;3.74;2.42;3.55;1.38
2465;N;22;22;22;22;22;22;22;22;22;23;23;23;22
2465;Min;0.0;0.0;0.0;0.0;0.0;0.0;0.0;0.0;0.0;0.0;0.0;0.0;0.0
2465;Q1;0.0;0.0;0.0;0.0;0.0;0.0;0.0;0.0;0.0;0.0;0.0;0.0;0.0
2465;Q2;0.0;0.0;0.0;0.0;0.0;0.0;0.0;0.0;0.0;0.0;0.0;0.0;0.0
2465;Q3;0.0;0.0;0.0;0.0;0.0;0.0;0.0;0.0;0.0;0.0;0.0;0.0;1.0
2465;Q4;0.0;0.0;0.0;0.0;0.0;0.4;0.0;0.0;0.0;0.0;0.0;0.0;1.0
2465;Max;1.0;0.0;0.0;0.0;1.0;1.0;0.0;1.0;1.0;2.0;1.0;0.0;3.0
2465;Mn;0.0;0.0;0.0;0.0;0.0;0.0;0.0;0.0;0.0;0.0;0.0;0.0;0.0
2465;Md;0.0;0.0;0.0;0.0;0.1;0.2;0.0;0.0;0.0;0.1;0.0;0.0;0.5
2465;S;0.21;0.00;0.00;0.00;0.29;0.39;0.00;0.21;0.21;0.42;0.21;0.00;0.74
2465;Cv;4.69;-;-;-;3.24;2.17;-;4.69;4.69;4.80;4.80;-;1.35
5796;N;29;29;30;30;30;30;30;30;30;30;30;29;28
5796;Min;0.0;0.0;0.0;0.0;0.0;0.0;0.0;0.0;0.0;0.0;0.0;0.0;0.0
5796;Q1;0.0;0.0;0.0;0.0;0.0;0.0;0.0;0.0;0.0;0.0;0.0;0.0;1.0
5796;Q2;0.0;0.0;0.0;0.0;0.0;0.0;0.0;0.0;0.0;0.0;0.0;0.0;3.0
5796;Q3;0.0;0.0;0.0;0.0;0.0;0.0;0.0;0.0;0.0;0.0;1.0;0.0;4.0
5796;Q4;1.0;0.0;0.0;0.0;0.8;0.0;0.0;0.0;0.0;1.0;1.0;1.0;5.2
5796;Max;3.0;2.0;2.0;3.0;1.0;1.0;1.0;2.0;1.0;3.0;3.0;5.0;10.0
5796;Mn;0.0;0.0;0.0;0.0;0.0;0.0;0.0;0.0;0.0;0.0;0.5;0.0;3.0
5796;Md;0.5;0.2;0.2;0.3;0.2;0.0;0.0;0.1;0.2;0.6;0.7;0.7;3.7
5796;S;0.83;0.47;0.57;0.69;0.41;0.18;0.18;0.37;0.38;0.86;0.91;1.17;2.52
5796;Cv;1.60;2.72;2.44;2.59;2.03;5.48;5.48;5.48;2.27;1.51;1.24;1.69;0.69
5783;N;30;30;30;30;30;30;30;30;30;30;30;30;30
5783;Min;0.0;0.0;0.0;0.0;0.0;0.0;0.0;0.0;0.0;0.0;0.0;0.0;0.0
5783;Q1;0.0;0.0;0.0;0.0;0.0;0.0;0.0;0.0;0.0;0.0;0.0;0.0;1.0
5783;Q2;0.0;0.0;0.0;0.0;0.0;0.0;0.0;0.0;0.0;0.0;0.0;0.0;2.0
5783;Q3;0.0;0.0;0.0;0.0;0.0;0.0;0.0;0.0;0.0;0.0;1.0;0.6;4.0
5783;Q4;1.0;1.0;0.0;0.0;0.0;0.0;0.0;0.0;0.0;1.0;1.0;1.8;5.0
5783;Max;2.0;2.0;3.0;3.0;1.0;1.0;1.0;1.0;1.0;2.0;6.0;4.0;9.0
5783;Mn;0.0;0.0;0.0;0.0;0.0;0.0;0.0;0.0;0.0;0.0;0.5;0.0;3.0
5783;Md;0.3;0.3;0.3;0.2;0.1;0.0;0.0;0.0;0.2;0.5;0.7;0.7;3.3
5783;S;0.66;0.52;0.78;0.63;0.25;0.18;0.18;0.18;0.38;0.73;1.15;1.06;2.44
5783;Cv;1.98;1.95;2.94;2.68;3.81;5.48;5.48;5.48;2.27;1.46;1.64;1.51;0.73
2030;N;30;30;30;30;30;30;30;30;30;30;30;30;30
2030;Min;0.0;0.0;0.0;0.0;0.0;0.0;0.0;0.0;0.0;0.0;0.0;0.0;0.0
2030;Q1;0.0;0.0;0.0;0.0;0.0;0.0;0.0;0.0;0.0;0.0;0.0;0.0;0.0
2030;Q2;0.0;0.0;0.0;0.0;0.0;0.0;0.0;0.0;0.0;0.0;0.0;0.0;0.0
2030;Q3;0.0;0.0;0.0;0.0;0.0;0.0;0.0;0.0;0.0;0.0;0.0;0.0;1.0
2030;Q4;0.0;0.0;0.0;0.0;0.0;0.0;0.0;0.0;0.0;0.0;0.0;0.0;1.0
2030;Max;0.0;1.0;0.0;2.0;1.0;1.0;2.0;1.0;1.0;1.0;1.0;0.0;3.0
2030;Mn;0.0;0.0;0.0;0.0;0.0;0.0;0.0;0.0;0.0;0.0;0.0;0.0;1.0
2030;Md;0.0;0.0;0.0;0.1;0.1;0.1;0.1;0.1;0.0;0.0;0.1;0.0;0.7
2030;S;0.00;0.18;0.00;0.37;0.35;0.31;0.43;0.25;0.18;0.18;0.31;0.00;0.79
2030;Cv;-;5.48;-;5.48;2.59;3.05;3.26;3.81;5.48;5.48;3.05;-;1.13
0016A;N;30;30;29;30;30;30;28;30;29;29;30;30;26
0016A;Min;0.0;0.0;0.0;0.0;0.0;0.0;0.0;0.0;0.0;0.0;0.0;0.0;0.0
0016A;Q1;0.0;0.0;0.0;0.0;0.0;0.0;0.0;0.0;0.0;0.0;0.0;0.0;2.0
0016A;Q2;0.0;0.0;0.0;0.0;0.0;0.0;0.0;0.0;0.0;0.0;0.0;0.0;3.0
0016A;Q3;0.0;0.0;0.0;0.0;0.0;0.0;0.0;0.0;1.0;1.0;0.0;0.0;4.0
0016A;Q4;0.0;0.0;0.0;0.0;1.0;0.0;0.0;1.0;1.0;1.0;1.0;0.0;4.6
0016A;Max;1.0;1.0;1.0;1.0;2.0;2.0;1.0;2.0;3.0;3.0;2.0;1.0;6.0
0016A;Mn;0.0;0.0;0.0;0.0;0.0;0.0;0.0;0.0;1.0;0.0;0.0;0.0;3.5
0016A;Md;0.1;0.1;0.1;0.1;0.4;0.1;0.1;0.3;0.7;0.6;0.5;0.1;3.3
0016A;S;0.25;0.25;0.35;0.35;0.56;0.43;0.26;0.52;0.75;0.82;0.73;0.35;1.48
0016A;Cv;3.81;3.81;2.54;2.59;1.52;3.26;3.67;1.95;1.04;1.41;1.46;2.59;0.45
9981A;N;30;30;30;30;30;30;30;30;30;30;30;30;30
9981A;Min;0.0;0.0;0.0;0.0;0.0;0.0;0.0;0.0;0.0;0.0;0.0;0.0;1.0
9981A;Q1;0.0;0.0;0.0;0.0;0.0;0.0;0.0;0.0;0.0;0.0;0.0;0.0;2.0
9981A;Q2;0.0;0.0;0.0;0.0;0.0;0.0;0.0;0.0;0.0;0.0;0.0;0.0;3.0
9981A;Q3;0.0;0.0;0.0;0.0;0.0;0.0;0.0;0.0;1.0;1.0;0.6;0.0;4.0
9981A;Q4;0.0;0.0;0.0;0.0;1.0;0.0;0.0;1.0;1.0;1.0;1.0;0.8;5.0
9981A;Max;1.0;1.0;1.0;2.0;3.0;2.0;2.0;2.0;1.0;4.0;3.0;2.0;7.0
9981A;Mn;0.0;0.0;0.0;0.0;0.0;0.0;0.0;0.0;0.0;1.0;0.0;0.0;3.5
9981A;Md;0.1;0.1;0.2;0.2;0.4;0.1;0.1;0.3;0.5;0.8;0.6;0.3;3.7
9981A;S;0.35;0.25;0.38;0.48;0.72;0.43;0.40;0.53;0.51;1.00;0.93;0.58;1.52
9981A;Cv;2.59;3.81;2.27;2.42;1.81;3.26;4.03;1.78;1.09;1.25;1.47;2.19;0.41
9381I;N;17;18;17;18;18;18;18;19;19;18;18;18;15
9381I;Min;0.0;0.0;0.0;0.0;0.0;0.0;0.0;0.0;0.0;0.0;0.0;0.0;0.0
9381I;Q1;0.0;0.0;0.0;0.0;0.0;0.0;0.0;0.0;0.0;0.0;0.0;0.0;0.0
9381I;Q2;0.0;0.0;0.0;0.0;0.0;0.0;0.0;0.0;0.0;0.0;0.0;0.0;0.0
9381I;Q3;0.0;0.0;0.0;0.0;0.0;0.0;0.0;0.0;0.0;0.0;0.0;0.0;0.0
9381I;Q4;0.0;0.0;0.0;0.0;1.0;0.0;0.0;0.0;0.0;0.0;0.0;0.0;1.0
9381I;Max;0.0;0.0;0.0;0.0;1.0;0.0;1.0;0.0;1.0;0.0;1.0;0.0;1.0
9381I;Mn;0.0;0.0;0.0;0.0;0.0;0.0;0.0;0.0;0.0;0.0;0.0;0.0;0.0
9381I;Md;0.0;0.0;0.0;0.0;0.2;0.0;0.1;0.0;0.1;0.0;0.1;0.0;0.3
9381I;S;0.00;0.00;0.00;0.00;0.43;0.00;0.24;0.00;0.23;0.00;0.24;0.00;0.49
9381I;Cv;-;-;-;-;1.93;-;4.24;-;4.36;-;4.24;-;1.46
8368U;N;24;24;24;25;25;25;25;25;25;25;25;25;24
8368U;Min;0.0;0.0;0.0;0.0;0.0;0.0;0.0;0.0;0.0;0.0;0.0;0.0;0.0
8368U;Q1;0.0;0.0;0.0;0.0;0.0;0.0;0.0;0.0;0.0;0.0;0.0;0.0;0.0
8368U;Q2;0.0;0.0;0.0;0.0;0.0;0.0;0.0;0.0;0.0;0.0;0.0;0.0;1.0
8368U;Q3;0.0;0.0;0.0;0.0;0.0;0.0;0.0;0.0;0.0;0.0;0.0;0.0;1.0
8368U;Q4;0.0;0.0;0.0;0.0;0.0;1.0;0.0;1.0;0.0;0.0;0.0;0.0;2.0
8368U;Max;0.0;0.0;1.0;1.0;1.0;1.0;1.0;2.0;1.0;2.0;1.0;0.0;4.0
8368U;Mn;0.0;0.0;0.0;0.0;0.0;0.0;0.0;0.0;0.0;0.0;0.0;0.0;1.0
8368U;Md;0.0;0.0;0.0;0.1;0.2;0.3;0.2;0.3;0.0;0.2;0.1;0.0;1.4
8368U;S;0.00;0.00;0.20;0.28;0.37;0.48;0.37;0.56;0.20;0.50;0.28;0.00;1.21
8368U;Cv;-;-;4.90;3.46;2.34;1.49;2.34;1.74;5.00;2.50;3.46;-;0.88
3260B;N;28;29;29;29;29;29;29;29;29;29;29;29;28
3260B;Min;0.0;0.0;0.0;0.0;0.0;0.0;0.0;0.0;0.0;0.0;0.0;0.0;0.0
3260B;Q1;0.0;0.0;0.0;0.0;0.0;0.0;0.0;0.0;0.0;0.0;0.0;0.0;0.0
3260B;Q2;0.0;0.0;0.0;0.0;0.0;0.0;0.0;0.0;0.0;0.0;0.0;0.0;0.0
3260B;Q3;0.0;0.0;0.0;0.0;0.0;0.0;0.0;0.0;0.0;0.0;0.0;0.0;0.4
3260B;Q4;0.0;0.0;0.0;0.0;0.0;0.0;0.0;0.0;0.0;0.0;0.0;0.0;1.0
3260B;Max;0.0;0.0;1.0;0.0;1.0;1.0;0.0;0.0;0.0;1.0;1.0;1.0;2.0
3260B;Mn;0.0;0.0;0.0;0.0;0.0;0.0;0.0;0.0;0.0;0.0;0.0;0.0;0.0
3260B;Md;0.0;0.0;0.1;0.0;0.1;0.1;0.0;0.0;0.0;0.1;0.0;0.0;0.5
3260B;S;0.00;0.00;0.26;0.00;0.35;0.31;0.00;0.00;0.00;0.26;0.19;0.19;0.64
3260B;Cv;-;-;3.74;-;2.54;3.00;-;-;-;3.74;5.39;5.39;1.37
8416;N;29;30;30;30;30;30;30;30;29;30;30;30;28
8416;Min;0.0;0.0;0.0;0.0;0.0;0.0;0.0;0.0;0.0;0.0;0.0;0.0;0.0
8416;Q1;0.0;0.0;0.0;0.0;0.0;0.0;0.0;0.0;0.0;0.0;0.0;0.0;1.0
8416;Q2;0.0;0.0;0.0;0.0;0.0;0.0;0.0;0.0;0.0;0.0;0.0;0.0;2.0
8416;Q3;0.0;0.0;0.0;0.0;0.0;0.0;0.0;0.0;1.0;0.0;0.0;0.0;3.0
8416;Q4;1.0;0.0;0.0;0.0;0.0;0.0;0.0;0.0;1.0;1.0;1.0;1.0;5.2
8416;Max;2.0;2.0;2.0;1.0;2.0;2.0;1.0;1.0;3.0;4.0;3.0;4.0;10.0
8416;Mn;0.0;0.0;0.0;0.0;0.0;0.0;0.0;0.0;0.0;0.0;0.0;0.0;2.5
8416;Md;0.2;0.2;0.2;0.1;0.2;0.1;0.1;0.1;0.6;0.5;0.4;0.3;3.1
8416;S;0.51;0.48;0.57;0.31;0.57;0.40;0.31;0.25;0.82;1.01;0.77;0.80;2.49
8416;Cv;2.12;2.42;2.44;3.05;2.44;4.03;3.05;3.81;1.41;2.02;1.93;2.41;0.79
8414A;N;30;30;30;30;30;30;30;30;30;30;30;30;30
8414A;Min;0.0;0.0;0.0;0.0;0.0;0.0;0.0;0.0;0.0;0.0;0.0;0.0;0.0
8414A;Q1;0.0;0.0;0.0;0.0;0.0;0.0;0.0;0.0;0.0;0.0;0.0;0.0;1.0
8414A;Q2;0.0;0.0;0.0;0.0;0.0;0.0;0.0;0.0;0.0;0.0;0.0;0.0;2.0
8414A;Q3;0.0;0.0;0.0;0.0;0.0;0.0;0.0;0.0;1.0;0.0;0.0;0.0;3.0
8414A;Q4;1.0;0.8;0.0;0.0;0.0;0.0;0.0;0.0;1.8;1.0;1.0;1.0;5.0
8414A;Max;1.0;1.0;1.0;1.0;2.0;1.0;1.0;2.0;2.0;3.0;3.0;4.0;10.0
8414A;Mn;0.0;0.0;0.0;0.0;0.0;0.0;0.0;0.0;0.0;0.0;0.0;0.0;3.0
8414A;Md;0.2;0.2;0.1;0.1;0.3;0.1;0.1;0.1;0.6;0.5;0.4;0.4;3.1
8414A;S;0.43;0.41;0.35;0.35;0.64;0.25;0.25;0.40;0.81;0.90;0.86;0.85;2.21
8414A;Cv;1.84;2.03;2.59;2.59;2.40;3.81;3.81;4.03;1.28;1.80;1.98;2.32;0.70
2422;N;30;30;30;29;30;30;30;30;30;30;30;30;29
2422;Min;0.0;0.0;0.0;0.0;0.0;0.0;0.0;0.0;0.0;0.0;0.0;0.0;0.0
2422;Q1;0.0;0.0;0.0;0.0;0.0;0.0;0.0;0.0;0.0;0.0;0.0;0.0;0.0
2422;Q2;0.0;0.0;0.0;0.0;0.0;0.0;0.0;0.0;0.0;0.0;0.0;0.0;0.0
2422;Q3;0.0;0.0;0.0;0.0;0.0;0.0;0.0;0.0;0.0;0.0;0.0;0.0;1.0
2422;Q4;0.0;0.0;0.0;0.0;0.0;0.0;0.0;0.0;0.0;0.0;0.0;0.0;2.0
2422;Max;1.0;0.0;0.0;1.0;1.0;1.0;1.0;1.0;2.0;1.0;1.0;1.0;3.0
2422;Mn;0.0;0.0;0.0;0.0;0.0;0.0;0.0;0.0;0.0;0.0;0.0;0.0;1.0
2422;Md;0.0;0.0;0.0;0.1;0.1;0.1;0.0;0.0;0.2;0.1;0.1;0.1;0.9
2422;S;0.18;0.00;0.00;0.26;0.31;0.25;0.18;0.18;0.46;0.31;0.31;0.35;0.92
2422;Cv;5.48;-;-;3.74;3.05;3.81;5.48;5.48;2.77;3.05;3.05;2.59;1.06
2539;N;30;30;30;30;30;30;30;30;30;30;30;30;30
2539;Min;0.0;0.0;0.0;0.0;0.0;0.0;0.0;0.0;0.0;0.0;0.0;0.0;0.0
2539;Q1;0.0;0.0;0.0;0.0;0.0;0.0;0.0;0.0;0.0;0.0;0.0;0.0;0.0
2539;Q2;0.0;0.0;0.0;0.0;0.0;0.0;0.0;0.0;0.0;0.0;0.0;0.0;0.0
2539;Q3;0.0;0.0;0.0;0.0;0.0;0.0;0.0;0.0;0.0;0.0;0.0;0.0;1.0
2539;Q4;0.0;0.0;0.0;0.0;0.0;0.0;0.0;0.0;0.0;0.0;0.0;0.0;1.8
2539;Max;0.0;0.0;1.0;1.0;1.0;1.0;1.0;1.0;1.0;1.0;1.0;1.0;3.0
2539;Mn;0.0;0.0;0.0;0.0;0.0;0.0;0.0;0.0;0.0;0.0;0.0;0.0;1.0
2539;Md;0.0;0.0;0.0;0.0;0.1;0.1;0.1;0.1;0.1;0.1;0.1;0.1;0.8
2539;S;0.00;0.00;0.18;0.18;0.31;0.31;0.25;0.25;0.25;0.25;0.35;0.35;0.92
2539;Cv;-;-;5.48;5.48;3.05;3.05;3.81;3.81;3.81;3.81;2.59;2.59;1.16
2614;N;30;30;30;30;30;30;30;30;30;30;30;30;30
2614;Min;0.0;0.0;0.0;0.0;0.0;0.0;0.0;0.0;0.0;0.0;0.0;0.0;0.0
2614;Q1;0.0;0.0;0.0;0.0;0.0;0.0;0.0;0.0;0.0;0.0;0.0;0.0;0.0
2614;Q2;0.0;0.0;0.0;0.0;0.0;0.0;0.0;0.0;0.0;0.0;0.0;0.0;0.0
2614;Q3;0.0;0.0;0.0;0.0;0.0;0.0;0.0;0.0;0.0;0.0;0.0;0.0;0.0
2614;Q4;0.0;0.0;0.0;0.0;0.0;0.0;0.0;0.0;0.0;0.0;0.0;0.0;1.0
2614;Max;0.0;0.0;0.0;0.0;2.0;1.0;0.0;0.0;1.0;1.0;1.0;1.0;3.0
2614;Mn;0.0;0.0;0.0;0.0;0.0;0.0;0.0;0.0;0.0;0.0;0.0;0.0;0.0
2614;Md;0.0;0.0;0.0;0.0;0.1;0.0;0.0;0.0;0.1;0.1;0.1;0.1;0.5
2614;S;0.00;0.00;0.00;0.00;0.40;0.18;0.00;0.00;0.35;0.31;0.25;0.31;0.82
2614;Cv;-;-;-;-;4.03;5.48;-;-;2.59;3.05;3.81;3.05;1.54
9390;N;30;30;30;30;30;30;30;30;30;30;30;30;30
9390;Min;0.0;0.0;0.0;0.0;0.0;0.0;0.0;0.0;0.0;0.0;0.0;0.0;0.0
9390;Q1;0.0;0.0;0.0;0.0;0.0;0.0;0.0;0.0;0.0;0.0;0.0;0.0;0.0
9390;Q2;0.0;0.0;0.0;0.0;0.0;0.0;0.0;0.0;0.0;0.0;0.0;0.0;0.0
9390;Q3;0.0;0.0;0.0;0.0;0.0;0.0;0.0;0.0;0.0;0.0;0.0;0.0;1.0
9390;Q4;0.0;0.0;0.0;0.0;0.0;0.0;0.0;0.0;0.0;0.0;0.0;0.0;1.8
9390;Max;0.0;0.0;1.0;1.0;1.0;1.0;1.0;1.0;1.0;1.0;1.0;0.0;3.0
9390;Mn;0.0;0.0;0.0;0.0;0.0;0.0;0.0;0.0;0.0;0.0;0.0;0.0;0.5
9390;Md;0.0;0.0;0.0;0.1;0.2;0.2;0.0;0.0;0.2;0.1;0.0;0.0;0.8
9390;S;0.00;0.00;0.18;0.25;0.38;0.38;0.18;0.18;0.38;0.31;0.18;0.00;1.00
9390;Cv;-;-;5.48;3.81;2.27;2.27;5.48;5.48;2.27;3.05;5.48;-;1.25
9434;N;30;30;30;30;30;30;30;30;30;30;30;30;30
9434;Min;0.0;0.0;0.0;0.0;0.0;0.0;0.0;0.0;0.0;0.0;0.0;0.0;0.0
9434;Q1;0.0;0.0;0.0;0.0;0.0;0.0;0.0;0.0;0.0;0.0;0.0;0.0;0.0
9434;Q2;0.0;0.0;0.0;0.0;0.0;0.0;0.0;0.0;0.0;0.0;0.0;0.0;1.0
9434;Q3;0.0;0.0;0.0;0.0;0.0;0.0;0.0;0.0;0.0;0.0;0.0;0.0;1.0
9434;Q4;0.0;0.0;0.0;0.0;0.0;0.0;0.0;0.0;0.0;0.0;0.0;0.0;2.0
9434;Max;0.0;0.0;1.0;1.0;1.0;1.0;1.0;1.0;1.0;1.0;1.0;0.0;4.0
9434;Mn;0.0;0.0;0.0;0.0;0.0;0.0;0.0;0.0;0.0;0.0;0.0;0.0;1.0
9434;Md;0.0;0.0;0.1;0.1;0.1;0.1;0.1;0.1;0.2;0.1;0.1;0.0;1.0
9434;S;0.00;0.00;0.25;0.35;0.31;0.35;0.25;0.31;0.38;0.35;0.31;0.00;1.02
9434;Cv;-;-;3.81;2.59;3.05;2.59;3.81;3.05;2.27;2.59;3.05;-;1.02
